City_ID,City,Cloudiness,Country,Date,Humidity,Lat,Lng,Max Temp,Wind Speed
0,Avarua,75,CK,2022-04-04 06:56:29,94,-21.2078,-159.775,75.25,3.44
1,Rikitea,100,PF,2022-04-04 06:56:30,65,-23.1203,-134.9692,77.86,9.06
2,New Norfolk,90,AU,2022-04-04 06:56:30,72,-42.7826,147.0587,64.92,4.0
3,Sakaiminato,20,JP,2022-04-04 06:56:30,54,35.55,133.2333,57.18,11.5
4,Carnarvon,93,AU,2022-04-04 06:56:31,69,-24.8667,113.6333,82.47,19.57
5,Provideniya,7,RU,2022-04-04 06:56:31,84,64.3833,-173.3,-2.31,9.64
6,Nalut,2,LY,2022-04-04 06:56:31,17,30.3333,10.85,71.76,17.13
7,Chokurdakh,100,RU,2022-04-04 06:56:31,92,70.6333,147.9167,1.09,6.78
8,Butaritari,100,KI,2022-04-04 06:56:32,78,3.0707,172.7902,81.99,15.05
9,Hambantota,40,LK,2022-04-04 06:56:32,70,6.1241,81.1185,88.14,4.61
10,Vaini,75,TO,2022-04-04 06:56:32,94,-21.2,-175.2,77.16,2.3
11,Vila Franca Do Campo,100,PT,2022-04-04 06:56:33,68,37.7167,-25.4333,55.81,9.31
12,Hobart,75,AU,2022-04-04 06:51:43,77,-42.8794,147.3294,65.26,11.5
13,Mogadishu,75,SO,2022-04-04 06:56:33,74,2.0371,45.3438,85.87,8.05
14,Tiksi,100,RU,2022-04-04 06:56:33,94,71.6872,128.8694,5.7,9.75
15,Hermanus,0,ZA,2022-04-04 06:54:12,70,-34.4187,19.2345,61.81,8.55
16,Vicuna,100,CL,2022-04-04 06:56:34,54,-30.0319,-70.7081,65.55,0.87
17,Laytown,100,IE,2022-04-04 06:56:34,93,53.6819,-6.2392,51.51,18.01
18,Turukhansk,100,RU,2022-04-04 06:56:34,64,65.8167,87.9833,26.85,12.95
19,Yellowknife,75,CA,2022-04-04 06:56:34,84,62.456,-114.3525,23.41,13.8
20,Bluff,100,NZ,2022-04-04 06:56:35,80,-46.6,168.3333,57.52,2.39
21,Atuona,8,PF,2022-04-04 06:56:35,79,-9.8,-139.0333,79.74,25.46
22,Saint-Philippe,100,RE,2022-04-04 06:56:35,86,-21.3585,55.7679,80.19,14.67
23,Sao Filipe,0,CV,2022-04-04 06:56:36,73,14.8961,-24.4956,69.64,8.23
24,Lasa,33,IT,2022-04-04 06:56:36,85,46.6166,10.7002,35.02,2.8
25,Mataura,100,NZ,2022-04-04 06:56:36,77,-46.1927,168.8643,56.21,2.21
26,Chara,100,RU,2022-04-04 06:56:36,39,56.9064,118.2631,16.38,0.25
27,Egvekinot,8,RU,2022-04-04 06:56:37,85,66.3167,-179.1667,-12.68,17.49
28,Purwodadi,27,ID,2022-04-04 06:56:37,66,-7.0868,110.9158,87.66,7.63
29,Kuminskiy,95,RU,2022-04-04 06:56:37,93,58.6667,66.5667,46.45,10.76
30,Normandin,89,CA,2022-04-04 06:56:37,63,48.8333,-72.5321,30.51,9.22
31,Kortkeros,100,RU,2022-04-04 06:56:38,82,61.8106,51.5806,26.6,7.99
32,Evensk,46,RU,2022-04-04 06:56:38,92,61.95,159.2333,14.88,1.14
33,Fuerte Olimpo,6,PY,2022-04-04 06:56:38,76,-21.0415,-57.8738,74.03,3.67
34,Punta Arenas,75,CL,2022-04-04 06:53:01,81,-53.15,-70.9167,39.31,23.02
35,Bredasdorp,5,ZA,2022-04-04 06:56:39,68,-34.5322,20.0403,64.6,9.08
36,Jamestown,100,US,2022-04-04 06:56:39,86,42.097,-79.2353,32.52,4.61
37,Santa Isabel Do Rio Negro,97,BR,2022-04-04 06:56:39,100,-0.4139,-65.0192,71.46,1.79
38,Baykit,99,RU,2022-04-04 06:56:39,64,61.67,96.37,28.18,3.29
39,Dunedin,60,NZ,2022-04-04 06:56:40,81,-45.8742,170.5036,57.79,8.01
40,Barrow,100,US,2022-04-04 06:56:40,77,71.2906,-156.7887,-3.98,8.05
41,Hithadhoo,100,MV,2022-04-04 06:56:40,68,-0.6,73.0833,83.52,5.26
42,Tuktoyaktuk,100,CA,2022-04-04 06:56:41,98,69.4541,-133.0374,-12.19,6.26
43,Narsaq,100,GL,2022-04-04 06:56:41,73,60.9167,-46.05,35.51,3.91
44,Hasaki,100,JP,2022-04-04 06:56:41,92,35.7333,140.8333,52.29,18.01
45,Port Alfred,0,ZA,2022-04-04 06:56:42,78,-33.5906,26.891,70.18,5.99
46,Bontang,84,ID,2022-04-04 06:56:42,81,0.1333,117.5,82.0,8.34
47,Irmo,8,US,2022-04-04 06:56:42,64,34.086,-81.1832,54.25,7.85
48,Sorland,100,NO,2022-04-04 06:57:42,57,67.667,12.6934,31.86,19.04
49,Price,1,US,2022-04-04 06:53:41,43,39.5994,-110.8107,50.11,6.02
50,Norman Wells,75,CA,2022-04-04 06:57:43,65,65.282,-126.8329,-0.36,4.61
51,Vila Velha,100,BR,2022-04-04 06:57:43,94,-20.3297,-40.2925,75.15,5.75
52,Macenta,87,GN,2022-04-04 06:57:43,97,8.5435,-9.471,67.17,0.69
53,Jalu,5,LY,2022-04-04 06:57:44,12,29.0331,21.5482,78.96,15.37
54,Yerofey Pavlovich,100,RU,2022-04-04 06:57:44,45,53.9667,121.9667,26.56,6.82
55,Aguimes,40,ES,2022-04-04 06:57:44,63,27.9054,-15.4461,59.63,12.66
56,Castro,100,BR,2022-04-04 06:57:44,97,-24.7911,-50.0119,62.02,3.18
57,Lorengau,95,PG,2022-04-04 06:57:45,78,-2.0226,147.2712,82.99,8.95
58,Watertown,100,US,2022-04-04 06:57:44,88,42.3709,-71.1828,39.9,17.0
59,Myitkyina,75,MM,2022-04-04 06:57:45,45,25.3833,97.4,88.93,1.43
60,Busselton,0,AU,2022-04-04 06:54:08,39,-33.65,115.3333,73.36,15.23
61,Puerto Ayora,100,EC,2022-04-04 06:57:45,95,-0.7393,-90.3518,75.54,5.03
62,Tahoua,0,NE,2022-04-04 06:57:46,10,14.8888,5.2692,75.18,6.91
63,Margate,100,GB,2022-04-04 06:53:14,72,51.3813,1.3862,42.87,8.99
64,Along,100,IN,2022-04-04 06:57:46,97,28.1667,94.7667,67.28,1.03
65,Thompson,40,CA,2022-04-04 06:57:46,69,55.7435,-97.8558,28.56,3.44
66,Pineville,15,US,2022-04-04 06:57:47,84,31.3224,-92.4343,59.88,5.32
67,Qaqortoq,100,GL,2022-04-04 06:57:47,72,60.7167,-46.0333,35.6,4.03
68,Cidreira,100,BR,2022-04-04 06:57:47,96,-30.1811,-50.2056,68.22,7.94
69,Qaanaaq,98,GL,2022-04-04 06:57:47,66,77.484,-69.3632,12.15,8.95
70,Liverpool,100,GB,2022-04-04 06:56:01,94,53.4106,-2.9779,50.79,21.85
71,Luganville,100,VU,2022-04-04 06:57:48,88,-15.5333,167.1667,78.31,8.46
72,Dikson,23,RU,2022-04-04 06:57:48,89,73.5069,80.5464,8.51,10.29
73,Westport,45,US,2022-04-04 06:55:21,87,41.1415,-73.3579,41.56,5.99
74,Upernavik,14,GL,2022-04-04 06:57:48,75,72.7868,-56.1549,12.51,3.36
75,Conceicao Da Barra,21,BR,2022-04-04 06:57:49,92,-18.5933,-39.7322,72.41,3.27
76,Podporozhye,81,RU,2022-04-04 06:57:49,81,60.9112,34.1706,30.24,6.4
77,Sobolevo,19,RU,2022-04-04 06:57:49,80,54.4299,31.8996,30.72,5.53
78,Ribeira Grande,40,PT,2022-04-04 06:57:49,77,38.5167,-28.7,59.4,5.75
79,Poum,100,NC,2022-04-04 06:57:50,83,-20.2333,164.0167,81.81,23.26
80,Mastic Beach,100,US,2022-04-04 06:57:50,77,40.7668,-72.8521,41.99,7.0
81,Plettenberg Bay,3,ZA,2022-04-04 06:57:50,75,-34.0527,23.3716,66.24,6.89
82,Kapaa,26,US,2022-04-04 06:57:51,84,22.0752,-159.319,75.18,5.99
83,Port Hawkesbury,75,CA,2022-04-04 06:57:51,92,45.6169,-61.3485,31.59,8.05
84,Alofi,100,NU,2022-04-04 06:57:51,88,-19.0595,-169.9187,76.89,2.3
85,Cape Town,20,ZA,2022-04-04 06:57:10,83,-33.9258,18.4232,61.11,10.36
86,Ushuaia,75,AR,2022-04-04 06:57:02,75,-54.8,-68.3,37.06,17.27
87,Yen Bai,1,VN,2022-04-04 06:57:52,42,21.7,104.8667,78.26,4.72
88,Mount Isa,0,AU,2022-04-04 06:57:52,12,-20.7333,139.5,94.77,9.22
89,Progreso,5,MX,2022-04-04 06:57:52,90,21.2833,-89.6667,77.11,6.33
90,Kudahuvadhoo,7,MV,2022-04-04 06:57:53,61,2.6708,72.8944,83.59,1.32
91,Dingle,100,PH,2022-04-04 06:57:53,69,10.9995,122.6711,84.65,16.31
92,Severo-Kurilsk,41,RU,2022-04-04 06:58:53,82,50.6789,156.125,35.17,5.84
93,Buluang,65,PH,2022-04-04 06:58:54,58,13.3068,123.3425,87.98,6.64
94,Cannington,75,AU,2022-04-04 06:58:54,57,-32.0167,115.95,76.77,12.66
95,Tuatapere,100,NZ,2022-04-04 06:58:54,88,-46.1333,167.6833,54.97,1.5
96,Bilibino,0,RU,2022-04-04 06:58:54,86,68.0546,166.4372,-5.93,7.36
97,Xam Nua,12,LA,2022-04-04 06:58:55,43,20.4197,104.0439,75.34,4.41
98,Nizhniy Tsasuchey,100,RU,2022-04-04 06:58:55,35,50.5167,115.1333,29.79,8.93
99,Formosa,100,AR,2022-04-04 06:58:55,94,-26.1775,-58.1781,69.78,10.36
100,Lompoc,20,US,2022-04-04 06:58:56,84,34.6391,-120.4579,53.78,21.99
101,Rockhampton,8,AU,2022-04-04 06:58:56,54,-23.3833,150.5,84.09,8.05
102,Bonavista,16,CA,2022-04-04 06:58:56,85,48.6499,-53.1147,31.33,18.05
103,Georgetown,20,MY,2022-04-04 06:57:08,74,5.4112,100.3354,87.75,10.36
104,Ilulissat,6,GL,2022-04-04 06:58:57,77,69.2167,-51.1,16.99,7.23
105,Khatanga,72,RU,2022-04-04 06:58:57,88,71.9667,102.5,-5.08,3.47
106,Fukue,20,JP,2022-04-04 06:58:57,42,32.6881,128.8419,64.76,14.97
107,Amuntai,100,ID,2022-04-04 06:58:57,66,-2.4177,115.2494,86.74,3.11
108,Uyuni,1,BO,2022-04-04 06:58:58,32,-20.4597,-66.825,42.69,8.12
109,Gizo,99,SB,2022-04-04 06:58:58,76,-8.103,156.8419,83.71,11.1
110,Lebu,3,CL,2022-04-04 06:58:58,80,-37.6167,-73.65,49.84,16.49
111,Ulaanbaatar,75,MN,2022-04-04 06:58:59,25,47.9077,106.8832,50.13,17.9
112,Ponta Do Sol,43,PT,2022-04-04 06:58:59,64,32.6667,-17.1,59.63,12.39
113,Naifaru,6,MV,2022-04-04 06:58:59,67,5.4444,73.3657,83.52,1.05
114,Ratnagiri,23,IN,2022-04-04 06:58:59,62,16.9833,73.3,87.28,11.3
115,Albany,83,US,2022-04-04 06:54:12,86,42.6001,-73.9662,36.36,11.01
116,Bethel,100,US,2022-04-04 06:59:00,87,41.3712,-73.414,39.94,8.05
117,Srivardhan,31,IN,2022-04-04 06:59:00,54,18.0333,73.0167,88.25,12.1
118,Seybaplaya,0,MX,2022-04-04 06:59:00,77,19.65,-90.6667,77.23,11.5
119,Saskylakh,100,RU,2022-04-04 06:59:01,94,71.9167,114.0833,-0.53,12.15
120,Pochutla,0,MX,2022-04-04 06:59:01,63,15.7432,-96.4661,75.81,3.53
121,Bathsheba,40,BB,2022-04-04 06:59:01,73,13.2167,-59.5167,77.61,13.8
122,Leningradskiy,100,RU,2022-04-04 06:59:01,99,69.3833,178.4167,-10.21,2.26
123,Imbituba,99,BR,2022-04-04 06:59:02,95,-28.24,-48.6703,73.81,9.08
124,Kavieng,96,PG,2022-04-04 06:59:02,72,-2.5744,150.7967,83.75,9.35
125,Nanzhang,100,CN,2022-04-04 06:59:02,48,31.7765,111.8386,72.63,8.7
126,Mar Del Plata,0,AR,2022-04-04 06:54:48,57,-38.0023,-57.5575,53.87,8.05
127,Sterling,0,US,2022-04-04 06:55:15,63,39.0062,-77.4286,42.22,7.0
128,Hilo,100,US,2022-04-04 06:59:01,98,19.7297,-155.09,72.25,1.01
129,Vostok,2,RU,2022-04-04 06:59:03,68,46.4856,135.8833,47.89,11.23
130,Richards Bay,100,ZA,2022-04-04 06:59:03,74,-28.783,32.0377,78.96,13.27
131,Cockburn Town,10,TC,2022-04-04 06:59:04,82,21.4612,-71.1419,78.1,17.92
132,Phangnga,100,TH,2022-04-04 06:59:04,93,8.4509,98.5298,86.04,4.54
133,Jardim,10,BR,2022-04-04 06:59:04,85,-21.4803,-56.1381,71.65,2.15
134,Arraial Do Cabo,6,BR,2022-04-04 06:58:40,88,-22.9661,-42.0278,74.77,5.93
135,Cascais,0,PT,2022-04-04 06:59:05,42,38.6979,-9.4215,48.47,20.0
136,Victoria,0,HK,2022-04-04 06:54:54,45,22.2855,114.1577,73.45,11.01
137,Novikovo,100,RU,2022-04-04 07:00:08,87,51.1537,37.8879,34.29,11.9
138,Fort Nelson,75,CA,2022-04-04 06:58:03,86,58.8053,-122.7002,27.99,0.0
139,Cabo San Lucas,96,MX,2022-04-04 07:00:18,73,22.8909,-109.9124,65.61,1.99
140,Ponta Delgada,40,PT,2022-04-04 07:00:28,67,37.7333,-25.6667,56.12,4.61
141,Belmonte,20,BR,2022-04-04 07:00:36,83,-15.8631,-38.8828,76.37,6.04
142,Tutoia,86,BR,2022-04-04 07:00:43,90,-2.7619,-42.2744,76.39,7.83
143,Kuopio,75,FI,2022-04-04 07:00:47,93,62.8924,27.677,19.35,3.44
144,Hervey Bay,5,AU,2022-04-04 07:00:49,66,-25.2986,152.8535,76.35,12.12
145,Kavaratti,9,IN,2022-04-04 07:00:50,70,10.5669,72.642,83.23,5.5
146,Lingao,98,CN,2022-04-04 07:00:50,67,19.9103,109.6859,70.93,17.6
147,Makat,100,KZ,2022-04-04 07:00:51,44,47.6469,53.3463,65.89,8.79
148,Qusar,100,AZ,2022-04-04 07:00:52,71,41.4273,48.4289,54.32,11.34
149,Ostrovnoy,100,RU,2022-04-04 07:00:52,89,68.0531,39.5131,21.49,9.08
150,Deep River,33,CA,2022-04-04 07:00:52,98,46.1001,-77.4995,30.94,3.78
151,Port Hardy,100,CA,2022-04-04 07:00:52,94,50.6996,-127.4199,39.96,24.99
152,Victoria Falls,13,ZW,2022-04-04 07:00:53,63,-17.9235,25.843,76.91,4.54
153,Airai,63,TL,2022-04-04 07:00:53,61,-8.9266,125.4092,72.05,2.33
154,Luanda,100,AO,2022-04-04 07:00:02,80,-8.8368,13.2343,76.73,4.27
155,Nova Olimpia,16,BR,2022-04-04 07:00:53,96,-14.7972,-57.2881,70.84,1.19
156,Dale,99,US,2022-04-04 07:00:54,69,38.1689,-86.99,51.71,6.13
157,Quelimane,1,MZ,2022-04-04 07:00:54,81,-17.8786,36.8883,80.29,4.43
158,Eyl,43,SO,2022-04-04 07:00:54,51,7.9803,49.8164,85.78,7.61
159,Geraldton,40,AU,2022-04-04 07:00:55,61,-28.7667,114.6,79.21,19.57
160,Beirut,0,LB,2022-04-04 06:56:08,55,33.8889,35.4944,78.39,6.91
161,Shirokiy,93,RU,2022-04-04 07:00:55,99,49.758,129.523,34.43,8.28
162,Galveston,100,US,2022-04-04 07:00:55,88,29.3669,-94.9669,69.19,1.99
163,Praia,1,CV,2022-04-04 07:00:56,79,14.9215,-23.5087,68.49,11.86
164,Yarkovo,99,RU,2022-04-04 07:00:56,91,57.4028,67.0786,45.81,10.4
165,Greenwood,7,US,2022-04-04 07:00:56,62,34.1668,-82.1165,49.28,7.4
166,Torbay,75,CA,2022-04-04 07:00:56,86,47.6666,-52.7314,34.57,13.8
167,Kushikino,0,JP,2022-04-04 07:00:57,34,31.7167,130.2667,63.23,13.31
168,Vallenar,0,CL,2022-04-04 07:00:57,55,-28.5708,-70.7581,61.97,0.56
169,Tezpur,13,IN,2022-04-04 07:00:57,52,26.6333,92.8,88.0,9.51
170,Te Anau,100,NZ,2022-04-04 07:00:57,62,-45.4167,167.7167,61.12,2.75
171,Longyearbyen,22,SJ,2022-04-04 07:00:58,52,78.2186,15.6401,10.24,20.71
172,Eureka,100,US,2022-04-04 07:00:58,82,40.8021,-124.1637,46.58,1.01
173,Constitucion,0,CL,2022-04-04 07:00:58,64,-35.3333,-72.4167,48.38,8.95
174,Bengkulu,12,ID,2022-04-04 07:00:59,58,-3.8004,102.2655,85.21,10.42
175,Souillac,100,MU,2022-04-04 07:00:59,69,-20.5167,57.5167,82.78,17.27
176,Kismayo,42,SO,2022-04-04 07:00:59,63,-0.3582,42.5454,85.8,9.26
177,Bayeux,34,BR,2022-04-04 07:00:59,85,-7.125,-34.9322,76.44,7.29
178,Guaruja,5,BR,2022-04-04 07:01:00,26,-23.9931,-46.2564,73.89,2.95
179,Klaksvik,100,FO,2022-04-04 07:01:00,77,62.2266,-6.589,36.52,21.99
180,Madison,0,US,2022-04-04 07:01:01,69,34.7334,-86.5667,48.76,0.0
181,Eydhafushi,6,MV,2022-04-04 07:01:01,65,5.1033,73.0708,83.57,0.76
182,Byurakan,87,AM,2022-04-04 07:01:02,59,40.338,44.2714,60.8,5.66
183,Ayagoz,100,KZ,2022-04-04 07:01:02,45,47.9714,80.4392,54.77,4.23
184,Bajil,23,YE,2022-04-04 07:02:03,27,15.0584,43.2851,94.39,3.4
185,Bambous Virieux,100,MU,2022-04-04 07:02:03,69,-20.3428,57.7575,83.21,17.27
186,Salym,100,RU,2022-04-04 07:02:04,100,60.0625,71.4789,37.47,8.77
187,Biu,84,NG,2022-04-04 07:02:04,42,10.6129,12.1946,82.09,6.73
188,Inhambane,0,MZ,2022-04-04 07:02:04,54,-23.865,35.3833,82.51,10.13
189,Kununurra,1,AU,2022-04-04 07:00:54,18,-15.7667,128.7333,100.38,2.3
190,Krasnoselkup,100,RU,2022-04-04 07:02:05,83,65.7,82.4667,27.57,20.78
191,Port Macquarie,32,AU,2022-04-04 07:02:05,77,-31.4333,152.9167,76.89,5.19
192,Vardo,75,NO,2022-04-04 07:02:05,86,70.3705,31.1107,26.58,13.8
193,Awjilah,0,LY,2022-04-04 07:02:06,13,29.1081,21.2869,79.0,16.13
194,Tonaya,5,MX,2022-04-04 07:02:06,52,19.7833,-103.9667,66.76,1.25
195,Shache,0,CN,2022-04-04 07:02:07,11,38.4167,77.2406,73.6,7.36
196,Moose Factory,68,CA,2022-04-04 07:02:07,99,51.2585,-80.6094,0.52,2.73
197,Ust-Barguzin,31,RU,2022-04-04 07:02:07,46,53.45,108.9833,26.67,9.46
198,Namangan,24,UZ,2022-04-04 07:00:21,25,40.9983,71.6726,75.65,2.3
199,San Rafael,0,AR,2022-04-04 07:00:41,28,-34.6177,-68.3301,49.6,5.48
200,Kaitangata,100,NZ,2022-04-04 07:02:08,90,-46.2817,169.8464,52.88,4.68
201,Kaeo,96,NZ,2022-04-04 07:02:09,86,-35.1,173.7833,68.32,3.78
202,Gunjur,0,GM,2022-04-04 07:02:09,82,13.2019,-16.7339,66.06,14.56
203,Nadym,100,RU,2022-04-04 07:02:09,96,65.5333,72.5167,27.79,30.49
204,Tazmalt,100,DZ,2022-04-04 07:02:10,91,36.3868,4.3989,49.71,7.72
205,Cherskiy,42,RU,2022-04-04 07:02:10,97,68.75,161.3,-3.15,3.96
206,Tocache,74,PE,2022-04-04 07:02:10,97,-8.1842,-76.5125,69.37,0.92
207,Yanam,48,IN,2022-04-04 07:02:11,44,16.7333,82.2167,94.77,10.13
208,San Patricio,99,US,2022-04-04 07:02:11,63,28.017,-97.5169,74.89,14.05
209,Dubovskoye,100,RU,2022-04-04 07:02:11,72,47.4092,42.7575,46.18,20.62
210,Saldanha,8,ZA,2022-04-04 07:02:12,83,-33.0117,17.9442,63.7,7.63
211,Cumana,27,VE,2022-04-04 07:02:12,81,10.4635,-64.1775,75.13,8.86
212,Morant Bay,57,JM,2022-04-04 07:02:13,85,17.8815,-76.4093,75.7,6.31
213,Salalah,1,OM,2022-04-04 07:02:13,42,17.0151,54.0924,88.0,8.48
214,Vetlanda,100,SE,2022-04-04 07:02:14,96,57.4289,15.0776,35.06,12.57
215,Saint George,0,US,2022-04-04 07:01:01,41,37.1041,-113.5841,59.95,1.99
216,Mana,100,GF,2022-04-04 07:02:14,90,5.6592,-53.7767,76.32,9.46
217,Hobyo,99,SO,2022-04-04 07:02:15,61,5.3505,48.5268,84.74,8.99
218,Lahaina,100,US,2022-04-04 07:00:04,85,20.8783,-156.6825,74.8,14.45
219,Port Blair,40,IN,2022-04-04 07:02:15,66,11.6667,92.75,87.84,6.91
220,Davidson,0,US,2022-04-04 07:02:15,71,36.1501,-86.7833,49.68,5.01
221,Kanor,0,IN,2022-04-04 07:02:16,7,24.4333,74.2667,100.76,10.94
222,Whitianga,1,NZ,2022-04-04 07:02:16,83,-36.8333,175.7,64.83,5.28
223,Faya,3,SA,2022-04-04 07:02:16,14,18.3851,42.4509,71.04,1.07
224,Jiayuguan,0,CN,2022-04-04 07:02:17,10,39.8167,98.3,63.01,21.18
225,Solnechnyy,98,RU,2022-04-04 07:02:17,76,50.7214,136.6319,46.31,5.91
226,Buritis,9,BR,2022-04-04 07:02:17,64,-15.6178,-46.4233,66.38,3.04
227,Anadyr,10,RU,2022-04-04 07:02:18,99,64.75,177.4833,-10.03,6.08
228,Barcelona,20,ES,2022-04-04 07:00:48,77,41.3888,2.159,45.61,8.05
229,Kupang,9,ID,2022-04-04 07:03:18,66,-10.1667,123.5833,84.58,5.35
230,Namibe,83,AO,2022-04-04 07:03:19,76,-15.1961,12.1522,70.54,7.94
231,Aitape,67,PG,2022-04-04 07:03:19,76,-3.1374,142.3475,83.19,4.59
232,Clyde River,100,CA,2022-04-04 07:03:19,90,70.4692,-68.5914,14.41,3.38
233,Laguna,0,US,2022-04-04 06:59:09,67,38.421,-121.4238,57.45,8.05
234,Gorontalo,100,ID,2022-04-04 07:03:20,69,0.5412,123.0595,85.82,2.44
235,Chuy,15,UY,2022-04-04 07:03:20,96,-33.6971,-53.4616,61.11,6.58
236,Shymkent,0,KZ,2022-04-04 06:59:47,31,42.3,69.6,72.19,6.71
237,Huai Mek,79,TH,2022-04-04 07:03:20,69,16.5898,103.2355,88.88,8.57
238,Morgan City,0,US,2022-04-04 07:03:21,86,29.6994,-91.2068,57.0,5.91
239,Tommot,100,RU,2022-04-04 07:03:21,85,58.9564,126.2925,23.02,11.95
240,Mukhen,57,RU,2022-04-04 07:03:21,67,48.1,136.1,51.57,12.73
241,Vestmannaeyjar,100,IS,2022-04-04 07:03:21,89,63.4427,-20.2734,40.14,20.31
242,Dukat,98,RU,2022-04-04 07:03:22,91,62.55,155.55,9.03,3.0
243,Aquin,60,HT,2022-04-04 07:03:22,85,18.2833,-73.4,75.0,3.33
244,Ixtapa,9,MX,2022-04-04 07:00:46,84,20.7,-105.2,63.43,2.42
245,Katsuura,100,JP,2022-04-04 07:03:22,94,35.1333,140.3,51.82,21.72
246,Tasiilaq,100,GL,2022-04-04 07:03:23,94,65.6145,-37.6368,17.76,7.65
247,Klyuchi,100,RU,2022-04-04 07:03:23,60,52.2667,79.1667,53.65,9.44
248,Vao,40,NC,2022-04-04 07:03:23,84,-22.6667,167.4833,79.52,13.02
249,Nanortalik,100,GL,2022-04-04 07:03:23,87,60.1432,-45.2371,34.56,5.08
250,Dongying,0,CN,2022-04-04 07:03:24,23,37.4564,118.4856,73.15,12.1
251,Puerto Escondido,0,MX,2022-04-04 07:03:24,66,15.85,-97.0667,77.95,7.27
252,Paracuru,96,BR,2022-04-04 07:03:24,91,-3.41,-39.0306,74.1,6.91
253,Fare,7,PF,2022-04-04 07:03:25,72,-16.7,-151.0167,82.51,13.44
254,Taoudenni,0,ML,2022-04-04 07:03:25,13,22.6783,-3.9836,78.28,7.54
255,Weligama,40,LK,2022-04-04 07:03:25,67,5.9667,80.4167,84.65,7.54
256,Svetlogorsk,7,BY,2022-04-04 07:03:25,57,52.6333,29.7333,33.89,9.44
257,New Delhi,1,IN,2022-04-04 06:59:19,17,28.6128,77.2311,95.16,11.5
258,Belyy,36,RU,2022-04-04 07:03:26,65,55.8402,32.9419,33.96,6.58
259,Mayo,0,US,2022-04-04 07:03:26,55,38.8876,-76.5119,43.12,16.11
260,Tanout,28,NE,2022-04-04 07:03:26,6,14.9709,8.8879,82.22,10.98
261,East London,20,ZA,2022-04-04 06:58:53,94,-33.0153,27.9116,68.94,5.75
262,Olga,0,RU,2022-04-04 07:03:27,57,43.7444,135.2892,51.35,15.41
263,Iwanai,0,JP,2022-04-04 07:03:27,63,42.9744,140.5089,46.36,2.95
264,Nikolskoye,90,RU,2022-04-04 07:03:27,74,59.7035,30.7861,35.87,7.05
265,Pandan,81,PH,2022-04-04 07:03:28,84,14.0453,124.1694,80.94,15.05
266,Pahrump,0,US,2022-04-04 07:03:28,25,36.2083,-115.9839,66.25,2.64
267,Santa Flavia,100,IT,2022-04-04 07:03:28,68,38.085,13.5351,54.37,3.0
268,Pevek,15,RU,2022-04-04 07:03:28,96,69.7008,170.3133,-11.36,3.31
269,Gamba,100,GA,2022-04-04 07:03:29,90,-2.65,10.0,77.38,4.0
270,Kasongo-Lunda,100,CD,2022-04-04 07:03:29,78,-6.4667,16.8167,75.11,0.83
271,Vodnyy,100,RU,2022-04-04 07:03:29,81,63.5046,53.4095,25.65,8.99
272,Kuytun,100,RU,2022-04-04 07:03:30,61,54.3419,101.5036,29.35,8.1
273,Cayenne,75,GF,2022-04-04 07:03:30,1,4.9333,-52.3333,80.1,1.99
274,Zhigansk,100,RU,2022-04-04 07:03:30,84,66.7697,123.3711,11.48,11.9
275,Ransang,100,PH,2022-04-04 07:03:30,82,8.9603,117.5828,80.22,6.38
276,Chapeltown,100,GB,2022-04-04 07:04:31,89,53.4651,-1.4722,50.72,18.63
277,Coquimbo,89,CL,2022-04-04 07:04:31,85,-29.9533,-71.3436,60.24,2.13
278,Courcelles,20,BE,2022-04-04 07:04:31,81,50.4638,4.3747,39.7,14.97
279,Lormont,4,FR,2022-04-04 07:04:32,81,44.875,-0.5178,34.72,3.44
280,Bela,0,IN,2022-04-04 07:04:32,2,25.9333,81.9833,108.23,12.35
281,Fernie,100,CA,2022-04-04 07:00:57,96,49.5,-115.0687,33.21,4.54
282,Chapais,56,CA,2022-04-04 07:04:32,98,49.7834,-74.8492,13.03,3.65
283,Ribas Do Rio Pardo,87,BR,2022-04-04 07:04:32,85,-20.4431,-53.7592,73.67,1.54
284,Kodiak,100,US,2022-04-04 07:04:33,75,57.79,-152.4072,35.11,9.22
285,Neiafu,100,TO,2022-04-04 07:04:33,67,-18.65,-173.9833,82.62,14.45
286,Vilhena,63,BR,2022-04-04 07:04:33,93,-12.7406,-60.1458,70.12,2.06
287,Marsh Harbour,62,BS,2022-04-04 07:00:03,79,26.5412,-77.0636,73.85,6.93
288,Surenavan,100,AM,2022-04-04 07:04:34,35,39.75,44.8,65.01,5.03
289,Khanpur,12,PK,2022-04-04 07:04:34,3,28.6453,70.6567,101.88,3.98
290,Porto Belo,77,BR,2022-04-04 07:04:34,93,-27.1578,-48.5531,73.26,8.86
291,Matara,41,LK,2022-04-04 07:04:35,66,5.9485,80.5353,85.1,6.64
292,Maniitsoq,12,GL,2022-04-04 07:04:35,77,65.4167,-52.9,25.07,4.76
293,Kalamare,94,BW,2022-04-04 07:04:35,77,-22.9337,26.5703,67.55,7.05
294,Tibagi,70,BR,2022-04-04 07:04:36,98,-24.5094,-50.4136,62.46,1.72
295,Goderich,100,CA,2022-04-04 07:04:36,86,43.7501,-81.7165,31.91,5.44
296,Port Elizabeth,17,ZA,2022-04-04 07:04:36,78,-33.918,25.5701,70.32,8.01
297,Talnakh,66,RU,2022-04-04 07:04:36,91,69.4865,88.3972,15.21,8.97
298,Akdepe,2,TM,2022-04-04 07:04:37,11,42.0551,59.3788,86.13,15.46
299,Iqaluit,100,CA,2022-04-04 07:04:37,83,63.7506,-68.5145,7.81,15.57
300,Esperance,87,AU,2022-04-04 07:04:37,80,-33.8667,121.9,66.04,21.9
301,Codrington,100,AU,2022-04-04 07:04:37,67,-38.2667,141.9667,61.23,10.2
302,Dicabisagan,58,PH,2022-04-04 07:04:38,84,17.0818,122.4157,78.33,12.01
303,Pontianak,75,ID,2022-04-04 07:04:38,89,-0.0333,109.3333,80.58,5.75
304,Portland,100,US,2022-04-04 07:03:38,90,45.5234,-122.6762,50.04,17.0
305,Hit,6,IQ,2022-04-04 07:04:38,17,33.6416,42.8251,80.15,19.26
306,Cochrane,95,CA,2022-04-04 07:00:56,55,51.1834,-114.4687,36.48,6.08
307,Asau,99,RO,2022-04-04 07:04:39,63,46.4333,26.4,34.72,3.4
308,Chandler,0,US,2022-04-04 07:04:39,32,33.3062,-111.8412,73.08,3.44
309,Avera,4,US,2022-04-04 07:04:39,57,33.194,-82.5271,53.38,6.49
310,Lubango,6,AO,2022-04-04 07:04:40,71,-14.9172,13.4925,65.3,1.95
311,The Pas,78,CA,2022-04-04 07:04:40,99,53.8251,-101.2541,26.71,3.51
312,Chenzhou,5,CN,2022-04-04 07:04:40,42,25.8,113.0333,74.12,4.54
313,Cairns,40,AU,2022-04-04 07:01:39,68,-16.9167,145.7667,89.11,12.66
314,Okhotsk,100,RU,2022-04-04 07:04:41,85,59.3833,143.3,26.15,20.29
315,Conceicao Do Araguaia,100,BR,2022-04-04 07:01:57,96,-8.2578,-49.2647,71.67,1.25
316,Srednekolymsk,99,RU,2022-04-04 07:04:41,90,67.45,153.6833,7.61,4.5
317,Wana,0,PK,2022-04-04 07:04:41,6,32.2989,69.5725,78.28,7.31
318,Thohoyandou,10,ZA,2022-04-04 07:04:42,54,-22.9456,30.485,79.02,3.83
319,Kloulklubed,92,PW,2022-04-04 07:05:42,71,7.0419,134.2556,81.1,4.54
320,Sawang Daen Din,98,TH,2022-04-04 07:05:42,32,17.4753,103.4575,81.1,7.99
321,Vestmanna,40,FO,2022-04-04 07:05:43,75,62.1564,-7.1664,34.72,14.97
322,Pisco,0,PE,2022-04-04 07:05:19,88,-13.7,-76.2167,64.45,4.61
323,Malanje,97,AO,2022-04-04 07:05:43,81,-9.5402,16.341,68.85,2.26
324,Camacha,40,PT,2022-04-04 07:05:43,58,33.0833,-16.3333,54.82,21.85
325,Guarapari,1,BR,2022-04-04 07:05:43,91,-20.6667,-40.4975,72.93,5.44
326,Haines Junction,100,CA,2022-04-04 07:05:44,97,60.7522,-137.5108,28.0,3.8
327,San Quintin,69,MX,2022-04-04 07:05:44,83,30.4833,-115.95,58.95,12.28
328,San Remo,56,IT,2022-04-04 07:05:44,63,43.8182,7.7612,53.85,9.46
329,Coihaique,100,CL,2022-04-04 07:05:45,81,-45.5752,-72.0662,47.01,4.61
330,Catamarca,0,AR,2022-04-04 07:05:08,65,-28.4696,-65.7852,63.59,4.32
331,Bolshaya Rechka,100,RU,2022-04-04 07:05:45,60,51.9503,104.7355,32.27,12.19
332,Fortuna,0,US,2022-04-04 07:05:45,93,40.5982,-124.1573,45.66,8.05
333,Samarai,100,PG,2022-04-04 07:05:46,76,-10.6167,150.6667,82.72,12.24
334,Sangar,100,RU,2022-04-04 07:05:46,88,63.9242,127.4739,23.92,8.81
335,Sheridan,0,US,2022-04-04 07:05:46,32,44.8333,-106.9173,44.98,9.22
336,Cercal,100,PT,2022-04-04 07:05:46,47,37.806,-8.6715,45.73,14.14
337,Palana,100,RU,2022-04-04 07:05:47,92,59.1167,159.9667,22.05,14.97
338,Mabaruma,68,GY,2022-04-04 07:05:47,99,8.2,-59.7833,71.78,1.9
339,Saint-Georges,95,GD,2022-04-04 07:04:43,68,12.0564,-61.7485,77.97,15.01
340,Havoysund,100,NO,2022-04-04 07:05:47,76,70.9963,24.6622,28.63,15.66
341,Barabinsk,100,RU,2022-04-04 07:05:48,100,55.3571,78.357,36.05,9.98
342,Nong Bua,97,TH,2022-04-04 07:05:48,31,15.8646,100.5858,86.68,6.73
343,Mombetsu,0,JP,2022-04-04 07:05:48,53,44.3525,143.3525,48.85,6.64
344,Nizwa,0,OM,2022-04-04 07:05:48,9,22.9333,57.5333,91.98,7.05
345,Porto Novo,100,BJ,2022-04-04 07:05:49,77,6.4965,2.6036,83.34,8.08
346,Harrison,0,US,2022-04-04 07:03:10,97,30.4091,-89.0436,60.85,3.44
347,Yar-Sale,100,RU,2022-04-04 07:05:49,94,66.8333,70.8333,22.69,26.51
348,Hearst,100,CA,2022-04-04 07:03:01,98,49.6835,-83.6665,24.12,4.79
349,Scarborough,100,GB,2022-04-04 07:04:06,89,54.2797,-0.4044,50.32,10.0
350,Iguape,34,BR,2022-04-04 07:05:50,96,-24.7081,-47.5553,70.92,3.6
351,Sosua,9,DO,2022-04-04 07:00:49,88,19.7667,-70.5167,75.24,5.79
352,Ulladulla,39,AU,2022-04-04 07:05:50,63,-35.35,150.4667,71.76,4.52
353,Jian,6,CN,2022-04-04 07:05:50,40,27.1172,114.9793,72.75,1.79
354,Deputatskiy,21,RU,2022-04-04 07:05:51,92,69.3,139.9,-0.94,2.48
355,Bani Walid,8,LY,2022-04-04 07:05:51,63,31.7566,13.9942,61.9,10.94
356,Waipawa,0,NZ,2022-04-04 07:05:51,90,-41.4122,175.5153,56.17,2.44
357,Myski,100,RU,2022-04-04 07:05:51,97,53.709,87.8014,41.02,2.39
358,Kimbe,75,PG,2022-04-04 07:05:52,82,-5.5502,150.1429,82.29,2.98
359,Samarinda,46,ID,2022-04-04 07:05:37,53,-0.5,117.15,90.81,5.88
360,Etchoropo,5,MX,2022-04-04 07:05:52,80,26.7667,-109.6667,64.8,8.01
361,Rajbiraj,0,NP,2022-04-04 07:05:52,25,26.5333,86.75,99.72,2.33
362,Butembo,15,CD,2022-04-04 07:05:53,79,0.15,29.2833,67.71,0.76
363,Nauta,12,PE,2022-04-04 07:05:53,96,-4.5061,-73.5757,69.55,0.29
364,Lokosovo,100,RU,2022-04-04 07:05:53,100,61.1333,74.8167,34.81,11.95
365,Peniche,17,PT,2022-04-04 07:05:53,51,39.3558,-9.3811,47.28,20.15
366,Loreto,0,MX,2022-04-04 07:06:54,22,22.2667,-101.9667,56.98,1.07
367,Xuzhou,99,CN,2022-04-04 07:06:54,39,34.1805,117.1571,67.69,10.51
368,Sitka,100,US,2022-04-04 07:06:54,81,57.0531,-135.33,37.29,9.22
369,Aljezur,100,PT,2022-04-04 07:06:55,49,37.3191,-8.8033,46.38,12.64
370,Taranto,100,IT,2022-04-04 07:06:55,74,40.6167,17.25,50.58,2.51
371,Port Lincoln,10,AU,2022-04-04 07:06:55,67,-34.7333,135.8667,67.14,8.12
372,Castlemaine,65,AU,2022-04-04 07:06:56,57,-37.0667,144.2167,74.28,9.08
373,Chatham,100,GB,2022-04-04 07:06:44,72,51.3789,0.5279,44.08,11.01
374,Kahului,40,US,2022-04-04 07:05:45,74,20.8947,-156.47,74.84,18.41
375,Pangnirtung,100,CA,2022-04-04 07:06:56,97,66.1451,-65.7125,20.88,2.26
376,Damghan,0,IR,2022-04-04 07:06:56,14,36.1683,54.348,76.96,3.56
377,Quang Ngai,100,VN,2022-04-04 07:06:57,90,15.1167,108.8,69.15,10.18
378,Roanoke Rapids,0,US,2022-04-04 07:06:57,87,36.4615,-77.6542,42.49,0.0
379,Saint-Joseph,100,RE,2022-04-04 07:06:57,82,-21.3667,55.6167,79.18,11.9
380,Jiaojiang,19,CN,2022-04-04 07:06:57,55,28.6803,121.4428,70.0,8.52
381,Koosa,96,EE,2022-04-04 07:06:58,65,58.5255,27.0795,34.84,11.41
382,Cabedelo,29,BR,2022-04-04 07:06:58,78,-6.9811,-34.8339,75.87,11.01
383,Kang,8,BW,2022-04-04 07:06:58,54,-23.6752,22.7876,71.64,6.22
384,Kulhudhuffushi,11,MV,2022-04-04 07:06:59,68,6.6221,73.07,83.62,1.32
385,Nouakchott,0,MR,2022-04-04 07:03:02,89,18.0858,-15.9785,62.53,9.86
386,Bemidji,0,US,2022-04-04 07:05:42,96,47.4736,-94.8803,28.18,0.0
387,Khuzdar,48,PK,2022-04-04 07:06:59,6,27.7384,66.6434,85.59,7.76
388,Hualmay,100,PE,2022-04-04 07:06:59,89,-11.0964,-77.6139,67.59,8.7
389,Northam,100,GB,2022-04-04 07:07:00,96,51.0333,-4.2167,49.6,18.28
390,Dhidhdhoo,23,MV,2022-04-04 07:06:15,67,6.8833,73.1,83.61,2.33
391,Faanui,95,PF,2022-04-04 07:07:00,73,-16.4833,-151.75,82.24,12.75
392,Manaure,100,CO,2022-04-04 07:07:00,80,11.7751,-72.4445,77.68,6.87
393,Buala,100,SB,2022-04-04 07:07:00,86,-8.145,159.5921,80.53,12.95
394,Comodoro Rivadavia,0,AR,2022-04-04 07:07:01,47,-45.8667,-67.5,53.46,10.36
395,Ankpa,100,NG,2022-04-04 07:07:01,76,7.3706,7.6253,77.83,9.33
396,Aguas Belas,53,BR,2022-04-04 07:07:01,92,-9.1114,-37.1231,70.93,3.56
397,Summerville,0,US,2022-04-04 07:07:02,87,33.0185,-80.1757,56.8,0.0
398,Taonan,87,CN,2022-04-04 07:07:02,12,45.3333,122.7833,69.39,10.22
399,Pangani,21,TZ,2022-04-04 07:07:02,66,-5.4333,38.9667,84.47,1.77
400,Thinadhoo,70,MV,2022-04-04 07:07:03,65,0.5333,72.9333,83.07,2.24
401,Auki,76,SB,2022-04-04 07:07:03,83,-8.7676,160.7034,80.28,7.96
402,Mecca,8,SA,2022-04-04 07:07:03,12,21.4267,39.8261,96.17,3.13
403,San Jeronimo,100,PE,2022-04-04 07:07:04,93,-11.9472,-75.2829,49.23,1.88
404,Nathdwara,2,IN,2022-04-04 07:07:04,7,24.9333,73.8167,99.59,11.45
405,Adrar,0,MR,2022-04-04 07:07:04,29,20.5022,-10.0711,65.75,9.82
406,Lodja,100,CD,2022-04-04 07:07:04,90,-3.4833,23.4333,73.51,3.22
407,Greenfield,100,US,2022-04-04 07:05:47,91,42.9614,-88.0126,37.02,10.36
408,Aktas,99,KZ,2022-04-04 07:07:05,100,49.7789,72.9608,53.35,3.76
409,Bubaque,0,GW,2022-04-04 07:07:05,60,11.2833,-15.8333,75.13,16.67
410,Kambove,100,CD,2022-04-04 07:07:05,87,-10.8764,26.5969,67.46,2.06
411,Stornoway,75,GB,2022-04-04 07:08:06,90,58.2093,-6.3865,48.16,18.41
412,Shitanjing,0,CN,2022-04-04 07:05:13,11,39.2342,106.3439,62.06,22.03
413,Farafangana,0,MG,2022-04-04 07:08:06,69,-22.8167,47.8333,79.56,5.21
414,Pacifica,0,US,2022-04-04 07:08:07,80,37.6138,-122.4869,55.83,17.27
415,College,75,US,2022-04-04 07:08:07,71,64.8569,-147.8028,10.9,5.75
416,Ingham,40,US,2022-04-04 07:08:07,82,42.6,-84.3833,38.17,5.75
417,Daru,100,PG,2022-04-04 07:08:07,72,-9.0763,143.2092,83.3,8.19
418,Palafrugell,100,ES,2022-04-04 07:08:08,37,41.9174,3.1631,45.43,10.0
419,Necochea,0,AR,2022-04-04 07:03:30,51,-38.5473,-58.7368,48.47,11.83
420,Finschhafen,95,PG,2022-04-04 07:08:08,75,-6.6024,147.8681,83.35,4.07
421,Sayyan,29,YE,2022-04-04 07:08:09,14,15.1718,44.3244,64.69,6.98
422,Nemuro,19,JP,2022-04-04 07:08:09,89,43.3236,145.575,38.93,18.03
423,Tursunzoda,1,TJ,2022-04-04 07:08:09,15,38.5144,68.2333,78.12,5.1
424,Oktyabrskoye,100,RU,2022-04-04 07:08:10,66,43.0645,44.7417,51.94,8.95
425,Menongue,77,AO,2022-04-04 07:08:10,88,-14.6585,17.691,67.08,3.71
426,Bandarbeyla,5,SO,2022-04-04 07:08:10,51,9.4942,50.8122,84.67,5.06
427,Ternate,27,ID,2022-04-04 07:08:11,71,0.8,127.4,83.37,8.08
428,Kabanjahe,100,ID,2022-04-04 07:08:11,72,3.1001,98.4908,73.98,2.91
429,Bairiki,20,KI,2022-04-04 07:08:11,83,1.3292,172.9752,82.4,6.91
430,Sonqor,100,IR,2022-04-04 07:08:12,22,34.7837,47.6004,67.15,5.79
431,Araouane,0,ML,2022-04-04 07:08:12,16,18.9048,-3.5265,81.1,8.7
432,Lamar,0,US,2022-04-04 07:08:12,67,33.6668,-95.5836,68.36,8.05
433,Torit,92,SS,2022-04-04 07:08:13,27,4.4133,32.5678,93.54,3.6
434,Rumford,100,US,2022-04-04 07:08:13,64,44.5537,-70.5509,38.3,3.8
435,Olafsvik,62,IS,2022-04-04 07:08:13,72,64.8945,-23.7142,30.83,20.94
436,Algiers,75,DZ,2022-04-04 07:08:04,87,36.7525,3.042,51.62,12.66
437,Saint-Pierre,100,RE,2022-04-04 07:08:14,78,-21.3393,55.4781,80.28,8.05
438,Yumen,0,CN,2022-04-04 07:08:14,11,40.2833,97.2,63.7,19.01
439,Guerrero Negro,92,MX,2022-04-04 07:05:16,64,27.9769,-114.0611,60.76,17.56
440,Praya,20,CV,2022-04-04 07:08:15,73,14.9215,-23.5087,68.54,11.5
441,Broken Hill,0,AU,2022-04-04 07:08:15,28,-31.95,141.4333,75.42,8.05
442,Rio Cuarto,0,AR,2022-04-04 07:08:15,42,-33.1307,-64.3499,48.67,5.19
443,Mhango,50,TZ,2022-04-04 07:08:16,60,-3.2833,32.85,74.98,5.01
444,Redmond,100,US,2022-04-04 07:05:02,87,47.674,-122.1215,48.72,11.99
445,Havelock,0,US,2022-04-04 07:04:54,73,34.8791,-76.9013,55.35,3.0
446,Mahebourg,100,MU,2022-04-04 07:08:16,69,-20.4081,57.7,83.25,17.27
447,Xichang,100,CN,2022-04-04 07:08:16,88,27.8964,102.2634,52.57,6.13
448,Haapiti,17,PF,2022-04-04 07:08:17,69,-17.5667,-149.8667,80.33,14.03
449,Alyangula,96,AU,2022-04-04 07:08:17,66,-13.8483,136.4192,85.06,6.11
450,Valparaiso,0,CL,2022-04-04 07:08:18,64,-33.0393,-71.6273,57.47,4.61
451,Biak,100,ID,2022-04-04 07:08:18,79,-0.9131,122.8766,80.69,1.83
452,Midland,0,US,2022-04-04 07:03:28,57,31.9974,-102.0779,66.87,12.66
453,Kruisfontein,0,ZA,2022-04-04 07:08:18,73,-34.0033,24.7314,67.89,10.4
454,Wagar,56,SD,2022-04-04 07:08:19,26,16.1525,36.2032,93.61,12.03
455,Sistranda,100,NO,2022-04-04 07:08:19,58,63.7256,8.834,30.16,6.76
456,Nishihara,75,JP,2022-04-04 07:08:20,60,26.1842,127.7558,69.85,19.57
457,Santa Rosa,11,PH,2022-04-04 07:08:20,62,14.3122,121.1114,90.1,19.04
458,Kjollefjord,20,NO,2022-04-04 07:09:20,73,70.9457,27.3465,28.45,10.36
459,Huilong,100,CN,2022-04-04 07:09:20,55,31.8111,121.655,55.58,11.27
460,Strezhevoy,100,RU,2022-04-04 07:09:21,98,60.7333,77.5889,32.23,15.52
461,Tiquisate,20,GT,2022-04-04 07:09:21,74,14.2833,-91.3667,78.26,4.43
462,Omboue,100,GA,2022-04-04 07:09:22,88,-1.5746,9.2618,77.23,4.21
463,Pandamatenga,27,BW,2022-04-04 07:09:22,58,-18.5278,25.627,76.01,3.85
464,San Andres,75,CO,2022-04-04 07:09:22,78,12.5847,-81.7006,80.62,8.05
465,Marsa Matruh,0,EG,2022-04-04 07:09:23,58,31.3525,27.2453,67.23,13.58
466,Paddhari,3,IN,2022-04-04 07:09:23,20,22.4333,70.6,96.96,7.23
467,Pankrushikha,100,RU,2022-04-04 07:09:23,98,53.8319,80.3406,40.26,8.32
468,Marzuq,0,YE,2022-04-04 07:09:23,18,14.4,46.4667,82.0,4.97
469,Sechura,60,PE,2022-04-04 07:09:24,78,-5.5569,-80.8222,70.43,8.93
470,Kiama,0,AU,2022-04-04 07:09:24,56,-34.6833,150.8667,76.44,5.99
471,Chernyshevskiy,100,RU,2022-04-04 07:09:24,87,63.0128,112.4714,19.58,8.55
472,Tarabuco,50,BO,2022-04-04 07:09:25,95,-19.1667,-64.9167,46.08,3.94
473,Lavrentiya,5,RU,2022-04-04 07:09:25,93,65.5833,-171.0,-10.59,9.53
474,Grafton,100,US,2022-04-04 07:09:25,87,42.207,-71.6856,38.05,13.8
475,Leshukonskoye,99,RU,2022-04-04 07:09:26,78,64.8989,45.7622,24.58,3.85
476,Sidney,0,AU,2022-04-04 07:06:46,55,-33.8679,151.2073,80.04,9.22
477,Poronaysk,0,RU,2022-04-04 07:09:07,62,49.2167,143.1167,45.32,16.51
478,Adamovka,100,RU,2022-04-04 07:09:26,100,51.5223,59.9396,39.92,9.37
479,Bam,24,IR,2022-04-04 07:09:26,5,29.106,58.357,88.93,7.14
480,Yeppoon,50,AU,2022-04-04 07:09:27,67,-23.1333,150.7333,83.98,9.98
481,Gryfice,100,PL,2022-04-04 07:09:27,81,53.9165,15.2003,37.65,19.44
482,Camana,60,PE,2022-04-04 07:09:27,87,-16.6228,-72.7111,67.96,7.61
483,Tselinnoye,100,RU,2022-04-04 07:09:28,100,53.0833,85.6667,38.37,3.78
484,Tecoanapa,0,MX,2022-04-04 07:09:28,77,16.5167,-98.75,73.6,3.74
485,Baturaja,95,ID,2022-04-04 07:09:28,49,-4.1333,104.1667,91.98,3.8
486,Tessalit,1,ML,2022-04-04 07:09:28,9,20.1986,1.0114,84.78,6.31
487,Ruteng,59,ID,2022-04-04 07:09:29,66,-8.6136,120.4721,73.0,0.85
488,Ankazobe,0,MG,2022-04-04 07:09:29,60,-18.3167,47.1167,73.99,1.72
489,Angoche,0,MZ,2022-04-04 07:09:29,72,-16.2325,39.9086,81.72,1.74
490,Pacific Grove,10,US,2022-04-04 07:09:30,85,36.6177,-121.9166,51.48,3.0
491,Pasighat,100,IN,2022-04-04 07:09:30,98,28.0667,95.3333,68.05,2.13
492,Caravelas,1,BR,2022-04-04 07:09:30,83,-17.7125,-39.2481,75.27,2.93
493,Hirara,0,JP,2022-04-04 07:09:30,61,24.8,125.2833,68.07,20.33
494,Svetlyy,100,RU,2022-04-04 07:09:31,96,54.675,20.1347,37.45,20.18
495,Coahuayana,19,MX,2022-04-04 07:09:31,88,18.7333,-103.6833,66.07,2.93
496,Whitehorse,100,CA,2022-04-04 07:09:31,93,60.7161,-135.0538,20.37,6.82
497,Homer,100,US,2022-04-04 07:09:32,93,59.6425,-151.5483,35.49,0.0
498,Wawa,100,NG,2022-04-04 07:09:32,57,9.9022,4.4192,82.49,8.39
499,Swan Hill,100,AU,2022-04-04 07:09:32,39,-35.3378,143.5544,75.45,6.35
500,Ambunti,100,PG,2022-04-04 07:09:33,94,-4.2365,142.8448,79.07,3.13
501,Sao Joao Da Barra,4,BR,2022-04-04 07:05:09,92,-21.6403,-41.0511,72.99,5.55
502,Krasnovishersk,99,RU,2022-04-04 07:09:33,93,60.4078,57.082,30.74,8.16
503,Vanimo,96,PG,2022-04-04 07:09:33,82,-2.6741,141.3028,81.03,4.54
504,Manadhoo,9,MV,2022-04-04 07:09:34,66,5.7667,73.3833,83.7,1.74
505,Duleek,100,IE,2022-04-04 07:10:34,95,53.6567,-6.4192,51.19,15.86
506,Mehamn,20,NO,2022-04-04 07:10:34,73,71.0357,27.8492,24.71,10.36
507,Lagoa,9,PT,2022-04-04 07:10:34,70,39.05,-27.9833,58.28,8.16
508,Mantua,16,IT,2022-04-04 07:10:35,75,45.1667,10.7833,49.33,4.0
509,Hope,97,US,2022-04-04 07:10:35,77,33.6671,-93.5916,64.45,6.04
510,Dire,4,ML,2022-04-04 07:10:35,25,12.2833,-10.9667,77.65,1.16
511,Benguela,47,AO,2022-04-04 07:10:36,72,-12.5763,13.4055,79.61,1.36
512,Makungu,95,TZ,2022-04-04 07:10:36,87,-8.7333,35.2833,68.68,2.82
513,Loa Janan,51,ID,2022-04-04 07:10:36,54,-0.583,117.095,90.18,5.55
514,Viedma,0,AR,2022-04-04 07:10:36,57,-40.8135,-62.9967,53.89,14.67
515,Itarema,95,BR,2022-04-04 07:10:37,92,-2.9248,-39.9167,75.11,8.9
516,Krasavino,100,RU,2022-04-04 07:10:37,85,60.9614,46.4814,27.5,4.68
517,Hinton,53,CA,2022-04-04 07:10:37,96,53.4001,-117.5857,24.26,3.62
518,Mezen,69,RU,2022-04-04 07:10:38,89,65.8522,44.24,21.13,2.24
519,Hamilton,100,US,2022-04-04 07:08:55,67,39.1834,-84.5333,47.25,11.5
520,Toronto,16,CA,2022-04-04 07:07:54,82,43.7001,-79.4163,32.49,5.01
521,Warri,100,NG,2022-04-04 07:10:38,82,5.5167,5.75,81.21,4.97
522,Todos Santos,92,MX,2022-04-04 07:10:38,81,23.45,-110.2167,61.66,10.2
523,Esperanza,40,DO,2022-04-04 07:10:39,85,19.5847,-70.9849,74.3,1.99
524,Kristiansund,75,NO,2022-04-04 07:10:39,93,63.1115,7.732,32.05,3.44
525,Havre-Saint-Pierre,100,CA,2022-04-04 07:10:39,77,50.2334,-63.5986,24.66,8.16
526,Porto Walter,38,BR,2022-04-04 07:10:40,95,-8.2686,-72.7439,69.51,2.39
527,Luau,95,AO,2022-04-04 07:10:40,86,-10.7073,22.2247,70.36,1.61
528,Ancud,100,CL,2022-04-04 07:10:40,89,-41.8697,-73.8203,51.22,0.81
529,Am Timan,31,TD,2022-04-04 07:10:40,40,11.0297,20.2827,90.1,7.83
530,Urengoy,100,RU,2022-04-04 07:10:41,91,65.9667,78.3667,26.53,22.53
531,Pinawa,69,CA,2022-04-04 07:10:41,99,50.1489,-95.8811,21.29,0.58
532,Kapit,52,MY,2022-04-04 07:10:41,69,2.0167,112.9333,87.17,4.29
533,Tucurui,100,BR,2022-04-04 07:10:42,98,-3.7661,-49.6725,73.35,1.9
534,Estelle,0,US,2022-04-04 07:10:42,79,29.8458,-90.1067,66.2,3.44
535,Grand Gaube,100,MU,2022-04-04 07:10:43,76,-20.0064,57.6608,83.37,8.99
536,Dali,100,CN,2022-04-04 07:10:43,81,25.7,100.1833,57.88,3.71
537,Alta Floresta,94,BR,2022-04-04 07:10:43,98,-9.8756,-56.0861,68.99,2.8
538,Sfantu Gheorghe,78,RO,2022-04-04 07:10:43,64,45.8667,25.7833,38.82,4.16
539,Ridgetown,97,CA,2022-04-04 07:10:44,86,42.4334,-81.8998,32.34,4.34
540,Wagga Wagga,75,AU,2022-04-04 07:10:44,46,-35.1167,147.3667,72.84,10.36
541,Troitsko-Pechorsk,100,RU,2022-04-04 07:10:44,86,62.7084,56.1964,29.12,9.42
542,Coihueco,0,CL,2022-04-04 07:10:45,58,-36.6167,-71.8333,44.71,6.62
543,Porosozero,94,RU,2022-04-04 07:10:45,88,62.7191,32.727,28.85,8.05
544,Macomer,100,IT,2022-04-04 07:10:45,52,40.262,8.7699,41.34,4.74
545,Aykhal,100,RU,2022-04-04 07:10:45,87,66.0,111.5,10.62,17.43
546,Gayeri,58,BF,2022-04-04 07:10:46,45,12.6497,0.4931,85.39,9.06
547,Nome,0,US,2022-04-04 07:10:46,57,64.5011,-165.4064,12.27,17.27
548,Smithers,7,CA,2022-04-04 07:10:46,84,54.7804,-127.1743,28.29,0.65
549,Emerald,16,AU,2022-04-04 07:10:47,53,-23.5333,148.1667,86.34,3.67
550,Sorong,100,ID,2022-04-04 07:10:47,70,-0.8833,131.25,84.18,4.34
551,Sharan,100,RU,2022-04-04 07:11:47,100,54.8167,54.0,36.82,2.28
552,Rio Grande,100,BR,2022-04-04 07:11:47,94,-32.035,-52.0986,62.94,6.58
553,Upata,93,VE,2022-04-04 07:11:48,90,8.0086,-62.3989,69.08,3.98
554,Port Moresby,100,PG,2022-04-04 07:11:48,81,-9.4431,147.1797,80.42,6.8
555,Ketchikan,100,US,2022-04-04 07:09:39,87,55.3422,-131.6461,40.98,4.61
556,Nouadhibou,1,MR,2022-04-04 07:11:48,94,20.931,-17.0347,64.51,11.48
557,Vila Do Maio,6,CV,2022-04-04 07:11:49,76,15.1333,-23.2167,68.79,15.5
558,Swift Current,100,CA,2022-04-04 07:11:49,41,50.2834,-107.8014,44.02,15.52
559,Anloga,100,GH,2022-04-04 07:11:49,81,5.7947,0.8973,83.17,12.33
560,Zhuhai,0,CN,2022-04-04 07:11:49,46,22.2769,113.5678,73.18,4.61
561,Kholmogory,32,RU,2022-04-04 07:11:50,79,64.2229,41.656,26.29,3.69
562,Garowe,16,SO,2022-04-04 07:11:50,29,8.4054,48.4845,85.1,6.6
563,Manggar,82,ID,2022-04-04 07:11:50,72,-2.8833,108.2667,82.99,3.76
