City_ID,City,Country,Lat,Lng,Max Temp,Humidity,Cloudiness,Wind Speed,Current Description,Date
0,Iberia,US,29.9502,-91.7507,79.09,78,100,14.97,overcast clouds,2022-04-05 23:09:12
1,Hobart,AU,-42.8794,147.3294,56.26,62,75,4.61,broken clouds,2022-04-05 23:08:04
2,Pevek,RU,69.7008,170.3133,-14.13,98,100,3.94,overcast clouds,2022-04-05 23:09:13
3,Kodiak,US,57.79,-152.4072,42.31,49,100,8.05,overcast clouds,2022-04-05 23:09:13
4,Vaini,TO,-21.2,-175.2,82.56,78,75,3.44,light intensity shower rain,2022-04-05 23:05:25
5,Atuona,PF,-9.8,-139.0333,79.36,71,2,22.62,clear sky,2022-04-05 23:09:13
6,Port Alfred,ZA,-33.5906,26.891,63.03,77,5,10.11,clear sky,2022-04-05 23:09:14
7,Bredasdorp,ZA,-34.5322,20.0403,59.11,74,1,12.88,clear sky,2022-04-05 23:09:14
8,Jacqueville,CI,5.2052,-4.4146,82.09,87,99,10.6,overcast clouds,2022-04-05 23:09:14
9,Airai,TL,-8.9266,125.4092,63.19,82,68,2.15,broken clouds,2022-04-05 23:09:14
10,Ancud,CL,-41.8697,-73.8203,58.23,93,100,14.29,light rain,2022-04-05 23:09:15
11,Mahebourg,MU,-20.4081,57.7,79.09,89,75,8.05,broken clouds,2022-04-05 23:09:15
12,Fairbanks,US,64.8378,-147.7164,32.59,56,75,3.44,broken clouds,2022-04-05 23:04:15
13,Suoyarvi,RU,62.0833,32.35,27.5,90,100,11.01,overcast clouds,2022-04-05 23:09:16
14,Kathmandu,NP,27.7167,85.3167,62.82,82,20,0.0,few clouds,2022-04-05 23:07:38
15,Saint-Philippe,RE,-21.3585,55.7679,78.39,87,74,10.04,broken clouds,2022-04-05 23:09:16
16,Laguna,US,38.421,-121.4238,77.29,18,0,17.27,clear sky,2022-04-05 23:03:25
17,Eyrarbakki,IS,63.863,-21.1481,24.22,69,13,14.18,few clouds,2022-04-05 23:09:16
18,Yellowknife,CA,62.456,-114.3525,32.41,80,95,10.0,overcast clouds,2022-04-05 23:09:17
19,Emba,KZ,48.8264,58.1442,38.48,70,100,1.41,overcast clouds,2022-04-05 23:03:35
20,Port-Gentil,GA,-0.7193,8.7815,80.96,81,79,11.07,broken clouds,2022-04-05 23:09:17
21,Manggar,ID,-2.8833,108.2667,77.2,85,40,4.99,scattered clouds,2022-04-05 23:09:17
22,Fortuna,US,40.5982,-124.1573,56.93,62,0,17.27,clear sky,2022-04-05 23:09:18
23,Faanui,PF,-16.4833,-151.75,83.16,75,8,19.93,clear sky,2022-04-05 23:09:18
24,Saint-Augustin,CA,51.226,-58.6502,34.09,84,100,11.88,overcast clouds,2022-04-05 23:04:01
25,Tuktoyaktuk,CA,69.4541,-133.0374,-4.14,88,44,4.72,scattered clouds,2022-04-05 23:09:18
26,Soe,ID,-9.8607,124.284,68.05,86,92,2.28,overcast clouds,2022-04-05 23:09:19
27,Katsuura,JP,35.1333,140.3,59.94,79,100,6.11,overcast clouds,2022-04-05 23:09:19
28,Dikson,RU,73.5069,80.5464,2.43,79,97,17.56,overcast clouds,2022-04-05 23:09:19
29,Subottsi,UA,48.6554,32.5209,43.45,73,99,10.25,overcast clouds,2022-04-05 23:09:20
30,Mataura,NZ,-46.1927,168.8643,50.43,79,54,12.35,broken clouds,2022-04-05 23:09:20
31,Luanshya,ZM,-13.1367,28.4166,64.47,99,100,4.41,moderate rain,2022-04-05 23:09:20
32,Pisco,PE,-13.7,-76.2167,68.05,83,0,16.11,clear sky,2022-04-05 23:09:21
33,Huarmey,PE,-10.0681,-78.1522,71.58,79,74,10.63,broken clouds,2022-04-05 23:09:21
34,Busselton,AU,-33.65,115.3333,54.81,80,12,8.16,few clouds,2022-04-05 23:09:21
35,Kahului,US,20.8947,-156.47,86.02,48,0,20.71,clear sky,2022-04-05 23:09:22
36,Hilo,US,19.7297,-155.09,76.73,79,100,8.05,overcast clouds,2022-04-05 23:05:27
37,Huercal-Overa,ES,37.389,-1.9454,48.24,85,98,6.2,overcast clouds,2022-04-05 23:09:22
38,Broome,US,42.2506,-75.833,57.97,41,0,5.75,clear sky,2022-04-05 23:03:48
39,Kolobrzeg,PL,54.1757,15.5834,41.97,75,100,16.6,overcast clouds,2022-04-05 23:09:22
40,Brokopondo,SR,4.75,-55.1667,77.38,86,29,12.19,scattered clouds,2022-04-05 23:09:23
41,Saskylakh,RU,71.9167,114.0833,-24.59,100,65,3.6,broken clouds,2022-04-05 23:09:23
42,Ushuaia,AR,-54.8,-68.3,37.06,87,40,25.32,light intensity drizzle,2022-04-05 23:05:21
43,Cabo San Lucas,MX,22.8909,-109.9124,78.62,64,0,11.5,clear sky,2022-04-05 23:09:23
44,Emerald,AU,-23.5333,148.1667,77.34,66,52,10.31,broken clouds,2022-04-05 23:04:48
45,Narsaq,GL,60.9167,-46.05,35.82,86,26,0.94,scattered clouds,2022-04-05 23:09:24
46,Avarua,CK,-21.2078,-159.775,84.25,74,100,8.05,overcast clouds,2022-04-05 23:09:24
47,Punta Arenas,CL,-53.15,-70.9167,44.11,61,20,11.5,few clouds,2022-04-05 23:05:32
48,Prince Rupert,CA,54.3161,-130.3201,35.69,87,100,3.44,light snow,2022-04-05 23:09:24
49,Arlit,NE,18.7369,7.3853,86.65,6,73,8.99,broken clouds,2022-04-05 23:09:25
50,Tessalit,ML,20.1986,1.0114,86.32,6,0,4.34,clear sky,2022-04-05 23:03:48
51,Richards Bay,ZA,-28.783,32.0377,71.69,90,48,1.1,scattered clouds,2022-04-05 23:09:25
52,Hami,CN,42.8,93.45,58.82,19,0,8.12,clear sky,2022-04-05 23:09:25
53,Bethel,US,41.3712,-73.414,52.65,53,96,6.44,overcast clouds,2022-04-05 23:09:26
54,Altamont,US,42.2068,-121.7372,50.77,36,0,9.22,clear sky,2022-04-05 23:06:33
55,Georgetown,MY,5.4112,100.3354,76.95,94,20,2.3,thunderstorm,2022-04-05 23:09:26
56,Teya,RU,60.3778,92.6267,34.47,98,100,6.22,overcast clouds,2022-04-05 23:09:26
57,Mandera,KE,3.9366,41.867,83.8,51,25,19.53,scattered clouds,2022-04-05 23:04:27
58,Rikitea,PF,-23.1203,-134.9692,78.62,68,37,18.16,scattered clouds,2022-04-05 23:05:21
59,Arauca,CO,7.0847,-70.7591,82.24,66,84,3.15,broken clouds,2022-04-05 23:04:55
60,Udachnyy,RU,66.4167,112.4,-13.09,100,100,4.36,overcast clouds,2022-04-05 23:09:27
61,Dongsheng,CN,39.8161,109.9776,46.47,24,100,11.21,overcast clouds,2022-04-05 23:09:27
62,Castro,BR,-24.7911,-50.0119,65.75,91,36,3.2,scattered clouds,2022-04-05 23:09:27
63,Nieves,PH,15.3274,120.9485,79.11,74,97,3.31,overcast clouds,2022-04-05 23:09:28
64,Elban,RU,50.1018,136.5094,27.7,76,97,16.6,overcast clouds,2022-04-05 23:09:28
65,Sembakung,ID,3.8167,117.25,72.46,99,100,1.92,light rain,2022-04-05 23:09:28
66,Vanimo,PG,-2.6741,141.3028,81.54,73,100,2.71,overcast clouds,2022-04-05 22:59:40
67,Bilma,NE,18.6853,12.9164,85.86,7,3,6.85,clear sky,2022-04-05 23:09:29
68,Shahe,CN,39.2708,113.5478,41.72,61,66,7.85,broken clouds,2022-04-05 23:09:29
69,Cruzeiro Do Sul,BR,-29.5128,-51.9853,70.09,87,93,4.21,overcast clouds,2022-04-05 23:09:29
70,Elko,US,41.0002,-115.5012,48.22,30,12,17.0,few clouds,2022-04-05 23:09:30
71,Hermanus,ZA,-34.4187,19.2345,61.81,82,3,14.94,light rain,2022-04-05 23:07:58
72,Mitu,CO,1.1983,-70.1733,72.59,98,98,2.28,overcast clouds,2022-04-05 23:04:14
73,Albany,US,42.6001,-73.9662,57.61,45,97,4.09,overcast clouds,2022-04-05 23:06:33
74,Berlevag,NO,70.8578,29.0864,30.0,81,100,28.66,overcast clouds,2022-04-05 23:01:51
75,Shenjiamen,CN,29.9576,122.298,56.75,85,86,3.31,overcast clouds,2022-04-05 23:09:30
76,Torbay,CA,47.6666,-52.7314,36.57,89,75,19.57,broken clouds,2022-04-05 23:09:30
77,Victoria,HK,22.2855,114.1577,68.38,81,17,1.99,few clouds,2022-04-05 23:09:31
78,Kuruman,ZA,-27.4524,23.4325,52.0,45,0,8.88,clear sky,2022-04-05 23:09:31
79,Koutiala,ML,12.3917,-5.4642,92.88,29,77,6.02,broken clouds,2022-04-05 23:09:31
80,Caravelas,BR,-17.7125,-39.2481,77.27,81,4,4.65,clear sky,2022-04-05 23:03:39
81,Itoman,JP,26.1247,127.6694,68.02,57,75,11.5,broken clouds,2022-04-05 23:09:32
82,Fort-Shevchenko,KZ,44.5086,50.263,50.52,60,97,9.42,overcast clouds,2022-04-05 23:04:34
83,Kalianget,ID,-7.05,113.9333,78.94,78,68,3.06,heavy intensity rain,2022-04-05 23:09:32
84,Beringovskiy,RU,63.05,179.3167,4.46,72,12,4.18,few clouds,2022-04-05 23:09:32
85,Amet,IN,25.3,73.9333,78.76,19,45,9.24,scattered clouds,2022-04-05 23:09:33
86,Lompoc,US,34.6391,-120.4579,88.79,59,1,31.0,clear sky,2022-04-05 23:06:41
87,Thompson,CA,55.7435,-97.8558,31.78,89,97,8.86,overcast clouds,2022-04-05 23:09:33
88,Sapa,PH,5.1544,120.3241,79.09,85,96,4.65,overcast clouds,2022-04-05 23:09:33
89,Barrow,US,71.2906,-156.7887,-12.98,77,40,5.75,haze,2022-04-05 23:09:22
90,Bluff,NZ,-46.6,168.3333,53.01,70,97,34.0,overcast clouds,2022-04-05 23:09:34
91,Ribeira Grande,PT,38.5167,-28.7,60.76,85,70,13.18,broken clouds,2022-04-05 23:09:34
92,Lazaro Cardenas,MX,17.9583,-102.2,79.81,59,80,11.12,broken clouds,2022-04-05 23:09:34
93,Florenville,BE,49.6998,5.3074,47.35,97,98,11.01,overcast clouds,2022-04-05 23:09:35
94,Cape Town,ZA,-33.9258,18.4232,58.26,88,20,1.99,few clouds,2022-04-05 23:08:04
95,Kapaa,US,22.0752,-159.319,79.2,80,75,12.66,broken clouds,2022-04-05 23:09:35
96,Jamestown,US,42.097,-79.2353,60.44,25,0,4.61,clear sky,2022-04-05 23:09:35
97,Aykhal,RU,66.0,111.5,-5.89,100,100,5.14,overcast clouds,2022-04-05 23:09:35
98,Ponta Do Sol,PT,32.6667,-17.1,59.63,56,36,8.03,scattered clouds,2022-04-05 23:09:36
99,Tromso,NO,69.6496,18.957,30.38,80,75,23.02,broken clouds,2022-04-05 23:09:36
100,Iquitos,PE,-3.7481,-73.2472,82.44,78,40,5.75,scattered clouds,2022-04-05 23:09:36
101,Solnechnyy,RU,50.7214,136.6319,24.66,78,87,12.19,overcast clouds,2022-04-05 23:09:37
102,Qaanaaq,GL,77.484,-69.3632,13.05,83,77,0.92,broken clouds,2022-04-05 23:09:37
103,Brownsville,US,25.9018,-97.4975,91.09,71,0,14.97,haze,2022-04-05 23:06:34
104,Bambous Virieux,MU,-20.3428,57.7575,79.05,89,75,8.05,light rain,2022-04-05 23:09:37
105,Shihezi,CN,44.3,86.0333,59.27,29,35,5.48,scattered clouds,2022-04-05 23:04:50
106,Cidreira,BR,-30.1811,-50.2056,67.17,76,16,6.6,few clouds,2022-04-05 23:09:38
107,Puerto Ayora,EC,-0.7393,-90.3518,79.56,90,49,1.99,scattered clouds,2022-04-05 23:05:33
108,Cherskiy,RU,68.75,161.3,-4.58,91,54,3.47,broken clouds,2022-04-05 23:09:38
109,Zhigansk,RU,66.7697,123.3711,-7.64,97,51,10.13,broken clouds,2022-04-05 23:09:38
110,Port Victoria,KE,0.0939,33.9756,70.79,65,71,7.58,broken clouds,2022-04-05 23:09:39
111,Yen Bai,VN,21.7,104.8667,65.5,75,20,0.4,few clouds,2022-04-05 23:09:39
112,Luderitz,NA,-26.6481,15.1594,60.39,79,0,12.37,clear sky,2022-04-05 23:09:39
113,Belmonte,BR,-15.8631,-38.8828,78.51,79,3,6.04,clear sky,2022-04-05 23:07:04
114,Hithadhoo,MV,-0.6,73.0833,82.2,66,52,4.63,broken clouds,2022-04-05 23:09:39
115,Almaznyy,RU,48.0448,40.045,34.92,67,55,8.41,broken clouds,2022-04-05 23:09:40
116,Drayton Valley,CA,53.2168,-114.9854,45.09,40,100,16.51,overcast clouds,2022-04-05 23:09:40
117,Los Llanos De Aridane,ES,28.6585,-17.9182,58.75,76,75,17.27,broken clouds,2022-04-05 23:09:40
118,Shingu,JP,33.7333,135.9833,58.23,59,100,1.43,overcast clouds,2022-04-05 23:09:41
119,Buraydah,SA,26.326,43.975,75.45,13,8,10.8,clear sky,2022-04-05 23:09:17
120,Bilibino,RU,68.0546,166.4372,0.5,77,43,2.08,scattered clouds,2022-04-05 23:09:41
121,Grants Pass,US,42.439,-123.3284,60.19,36,20,3.0,few clouds,2022-04-05 23:09:41
122,Arak,IR,34.0917,49.6892,55.33,23,17,5.88,few clouds,2022-04-05 23:09:42
123,Calamar,CO,10.2511,-74.9146,85.33,64,82,4.38,broken clouds,2022-04-05 23:09:42
124,Siocon,PH,7.7061,122.1353,77.49,87,100,4.72,overcast clouds,2022-04-05 23:09:42
125,Erzin,TR,36.9559,36.2,65.05,38,88,3.0,overcast clouds,2022-04-05 23:09:42
126,Chuy,UY,-33.6971,-53.4616,57.78,67,0,6.91,clear sky,2022-04-05 23:08:21
127,Kidal,ML,18.4411,1.4078,88.0,5,1,11.41,clear sky,2022-04-05 23:09:43
128,Djibo,BF,14.1022,-1.6306,92.75,19,83,4.34,broken clouds,2022-04-05 23:09:43
129,Husavik,IS,66.0449,-17.3389,28.44,79,100,28.39,light snow,2022-04-05 23:04:27
130,Cayenne,GF,4.9333,-52.3333,77.09,1,75,4.0,broken clouds,2022-04-05 23:09:43
131,Leningradskiy,RU,69.3833,178.4167,-1.28,85,20,21.56,few clouds,2022-04-05 23:06:35
132,Coahuayana,MX,18.7333,-103.6833,81.82,52,56,6.62,broken clouds,2022-04-05 23:09:44
133,Pochutla,MX,15.7432,-96.4661,84.02,49,0,10.94,clear sky,2022-04-05 23:09:44
134,Nikolskoye,RU,59.7035,30.7861,28.71,79,91,13.62,light snow,2022-04-05 23:09:44
135,Hasaki,JP,35.7333,140.8333,59.29,75,100,8.05,overcast clouds,2022-04-05 23:09:45
136,Mayo,US,38.8876,-76.5119,55.56,91,100,6.91,mist,2022-04-05 23:03:49
137,Santa Rosa,PH,14.3122,121.1114,80.02,87,100,10.33,overcast clouds,2022-04-05 23:09:45
138,San Patricio,US,28.017,-97.5169,95.09,50,42,12.37,scattered clouds,2022-04-05 23:09:45
139,Tual,ID,-5.6667,132.75,82.33,69,71,7.07,broken clouds,2022-04-05 23:09:46
140,Mar Del Plata,AR,-38.0023,-57.5575,70.09,60,0,9.22,clear sky,2022-04-05 23:09:10
141,Roma,US,43.2128,-75.4557,56.88,47,75,8.05,broken clouds,2022-04-05 23:03:32
142,Itarema,BR,-2.9248,-39.9167,78.19,85,25,9.8,scattered clouds,2022-04-05 23:09:46
143,Kommunisticheskiy,RU,61.6789,64.4819,21.52,92,100,9.69,overcast clouds,2022-04-05 23:09:46
144,Fukue,JP,32.6881,128.8419,58.86,54,99,8.34,overcast clouds,2022-04-05 23:04:32
145,Mackay,AU,-21.15,149.2,81.68,69,18,9.44,few clouds,2022-04-05 23:05:37
146,Guerrero Negro,MX,27.9769,-114.0611,69.35,60,2,15.79,clear sky,2022-04-05 23:09:47
147,Tura,IN,25.5198,90.2201,70.07,91,10,5.77,clear sky,2022-04-05 23:09:47
148,Severo-Kurilsk,RU,50.6789,156.125,36.82,89,14,3.58,few clouds,2022-04-05 23:08:58
149,Ahipara,NZ,-35.1667,173.1667,71.31,82,55,10.0,broken clouds,2022-04-05 23:04:07
150,Lebu,CL,-37.6167,-73.65,55.72,94,81,9.46,broken clouds,2022-04-05 23:09:47
151,Darnah,LY,32.767,22.6367,66.76,62,100,15.86,overcast clouds,2022-04-05 23:09:48
152,Rosario Oeste,BR,-14.8361,-56.4275,77.9,74,43,0.6,scattered clouds,2022-04-05 23:09:48
153,Rovaniemi,FI,66.5,25.7167,31.41,93,100,17.27,light snow,2022-04-05 23:09:48
154,Curumani,CO,9.1999,-73.5427,80.28,82,99,1.92,overcast clouds,2022-04-05 23:09:49
155,Ulladulla,AU,-35.35,150.4667,62.76,85,97,9.24,light rain,2022-04-05 23:09:49
156,Lakhtar,IN,22.85,71.7833,81.68,46,47,12.41,scattered clouds,2022-04-05 23:09:49
157,Half Moon Bay,US,37.4636,-122.4286,74.88,58,0,14.97,haze,2022-04-05 23:00:36
158,Pila,PL,53.1515,16.7378,39.92,94,100,9.17,light rain,2022-04-05 23:09:50
159,Bayan,CN,46.0833,127.4,29.48,40,0,16.26,clear sky,2022-04-05 23:09:50
160,Karratha,AU,-20.7377,116.8463,82.22,65,3,6.11,clear sky,2022-04-05 23:09:50
161,Khatanga,RU,71.9667,102.5,-9.09,90,10,9.71,clear sky,2022-04-05 23:09:50
162,Sabya,SA,17.1495,42.6254,80.31,42,0,1.03,clear sky,2022-04-05 23:09:51
163,Lavrentiya,RU,65.5833,-171.0,1.24,75,9,5.59,clear sky,2022-04-05 23:09:51
164,Nanpiao,CN,41.0982,120.7479,37.8,18,93,6.35,light rain,2022-04-05 23:09:51
165,Smolenka,RU,52.1352,113.4974,12.27,62,92,4.47,overcast clouds,2022-04-05 23:09:52
166,Sawakin,SD,19.1059,37.3321,79.02,55,0,6.49,clear sky,2022-04-05 23:09:52
167,Yerbogachen,RU,61.2767,108.0108,18.0,96,100,3.4,overcast clouds,2022-04-05 23:08:17
168,Ugoofaaru,MV,5.6667,73.0,81.86,72,45,2.35,scattered clouds,2022-04-05 23:09:52
169,Eyl,SO,7.9803,49.8164,78.21,73,8,8.68,clear sky,2022-04-05 23:09:53
170,Touros,BR,-5.1989,-35.4608,79.63,79,4,11.79,clear sky,2022-04-05 23:09:53
171,Talnakh,RU,69.4865,88.3972,7.81,78,65,8.3,broken clouds,2022-04-05 23:09:53
172,College,US,64.8569,-147.8028,32.58,56,75,3.44,broken clouds,2022-04-05 23:09:53
173,Taoudenni,ML,22.6783,-3.9836,84.22,20,0,11.68,clear sky,2022-04-05 23:09:54
174,Carutapera,BR,-1.195,-46.02,75.04,95,100,3.15,overcast clouds,2022-04-05 23:09:54
175,Itamaraca,BR,-7.7478,-34.8256,82.45,80,100,7.94,overcast clouds,2022-04-05 23:09:54
176,Sydney,AU,-33.8679,151.2073,68.32,93,75,14.97,shower rain,2022-04-05 23:09:55
177,Lieto,FI,60.5103,22.4618,25.93,89,40,11.5,scattered clouds,2022-04-05 23:09:55
178,Kaeo,NZ,-35.1,173.7833,75.33,80,76,9.31,broken clouds,2022-04-05 23:03:42
179,Xicotencatl,MX,23.0167,-98.8833,105.48,7,3,10.71,clear sky,2022-04-05 23:09:55
180,Saint-Pierre,RE,-21.3393,55.4781,78.48,83,100,4.61,overcast clouds,2022-04-05 23:03:21
181,Zhovkva,UA,50.0583,23.9726,39.97,92,100,6.8,light rain,2022-04-05 23:09:56
182,Upernavik,GL,72.7868,-56.1549,25.21,97,100,7.31,light snow,2022-04-05 23:09:56
183,Vaitape,PF,-16.5167,-151.75,83.19,75,8,19.95,clear sky,2022-04-05 23:09:56
184,Pueblo,US,38.2545,-104.6091,74.16,23,20,19.57,few clouds,2022-04-05 23:09:33
185,Chokurdakh,RU,70.6333,147.9167,-10.19,97,80,4.72,broken clouds,2022-04-05 23:09:57
186,Port Elizabeth,ZA,-33.918,25.5701,64.09,73,10,5.01,clear sky,2022-04-05 23:07:57
187,Namibe,AO,-15.1961,12.1522,69.62,83,12,6.71,few clouds,2022-04-05 23:09:57
188,Salalah,OM,17.0151,54.0924,77.09,88,20,2.3,few clouds,2022-04-05 23:09:57
189,Vadamadurai,IN,10.4667,78.0833,76.21,69,39,2.8,scattered clouds,2022-04-05 23:09:58
190,Clyde River,CA,70.4692,-68.5914,-1.17,87,1,3.31,clear sky,2022-04-05 23:09:58
191,Klaksvik,FO,62.2266,-6.589,32.92,68,100,22.62,overcast clouds,2022-04-05 23:09:58
192,Hamilton,US,39.1834,-84.5333,55.35,95,100,4.61,mist,2022-04-05 23:09:58
193,Rebrikha,RU,53.0733,82.3408,39.99,85,100,9.53,overcast clouds,2022-04-05 23:09:59
194,Tiksi,RU,71.6872,128.8694,-14.8,100,100,2.77,overcast clouds,2022-04-05 23:09:59
195,Sao Filipe,CV,14.8961,-24.4956,71.49,72,6,8.97,clear sky,2022-04-05 23:09:59
196,Gao,ML,16.6362,1.637,88.34,7,11,10.83,few clouds,2022-04-05 23:10:00
197,Dingle,PH,10.9995,122.6711,77.49,86,99,7.7,overcast clouds,2022-04-05 23:10:00
198,Zlobin,HR,45.2924,14.6541,38.62,84,0,0.0,clear sky,2022-04-05 23:10:00
199,Kot Radha Kishan,PK,31.1725,74.0997,77.11,13,18,3.36,few clouds,2022-04-05 23:10:01
200,Kenai,US,60.5544,-151.2583,38.14,71,100,18.41,light rain,2022-04-05 23:10:01
201,Port Pirie,AU,-33.1833,138.0167,68.09,49,81,6.35,broken clouds,2022-04-05 23:10:01
202,Perm,RU,58.0174,56.2855,27.86,74,0,15.66,clear sky,2022-04-05 23:09:08
203,Porto Novo,BJ,6.4965,2.6036,81.73,83,51,9.06,broken clouds,2022-04-05 23:10:02
204,Jambi,ID,-1.6,103.6167,72.63,98,91,2.62,overcast clouds,2022-04-05 23:10:03
205,Borba,BR,-4.3878,-59.5939,75.65,97,86,2.33,light rain,2022-04-05 23:10:03
206,Evensk,RU,61.95,159.2333,17.4,75,46,5.39,scattered clouds,2022-04-05 23:10:03
207,Carnarvon,AU,-24.8667,113.6333,77.34,60,0,14.36,clear sky,2022-04-05 23:10:04
208,Srednekolymsk,RU,67.45,153.6833,-6.65,94,100,5.3,overcast clouds,2022-04-05 23:04:00
209,Moerai,PF,-22.4333,-151.3333,81.54,75,70,12.19,broken clouds,2022-04-05 23:10:04
210,Dobrinka,RU,52.1653,40.4731,35.91,97,100,17.02,overcast clouds,2022-04-05 23:10:04
211,Atar,MR,20.5169,-13.0499,76.66,25,5,8.25,clear sky,2022-04-05 23:10:05
212,Pind Dadan Khan,PK,32.5879,73.0456,75.56,18,5,2.33,clear sky,2022-04-05 23:10:05
213,Sitka,US,57.0531,-135.33,44.49,61,75,11.5,broken clouds,2022-04-05 23:09:18
214,Isangel,VU,-19.55,169.2667,82.49,79,100,12.1,overcast clouds,2022-04-05 23:07:47
215,Serenje,ZM,-13.2325,30.2352,61.57,96,100,2.53,overcast clouds,2022-04-05 23:10:05
216,Esperance,AU,-33.8667,121.9,62.65,75,90,7.2,overcast clouds,2022-04-05 23:10:06
217,Saint-Joseph,RE,-21.3667,55.6167,77.38,86,72,9.44,broken clouds,2022-04-05 23:10:06
218,Kaitangata,NZ,-46.2817,169.8464,54.88,61,49,18.61,scattered clouds,2022-04-05 23:10:06
219,Katherine,AU,-14.4667,132.2667,82.72,69,31,4.61,scattered clouds,2022-04-05 23:10:07
220,Nuevo Progreso,MX,23.1667,-97.95,88.54,61,14,5.01,few clouds,2022-04-05 23:10:07
221,Tilichiki,RU,60.4667,166.1,13.03,89,100,7.63,overcast clouds,2022-04-05 23:10:07
222,Gilbues,BR,-9.8317,-45.3439,78.98,50,42,2.86,scattered clouds,2022-04-05 23:10:08
223,Pinyug,RU,60.251,47.7842,23.25,94,65,6.71,broken clouds,2022-04-05 23:10:08
224,Longyearbyen,SJ,78.2186,15.6401,8.44,72,0,17.27,clear sky,2022-04-05 23:10:08
225,Puerto Colombia,CO,10.9878,-74.9547,82.49,84,97,18.5,overcast clouds,2022-04-05 23:10:09
226,Saint Anthony,US,45.0205,-93.218,44.53,91,100,17.27,moderate rain,2022-04-05 23:10:09
227,Bentiu,SS,9.2333,29.8333,86.59,43,14,3.94,few clouds,2022-04-05 23:10:09
228,Vardo,NO,70.3705,31.1107,31.95,79,100,29.28,light snow,2022-04-05 23:10:10
229,Axim,GH,4.8699,-2.2405,81.18,85,53,7.05,broken clouds,2022-04-05 23:10:10
230,Vanavara,RU,60.34,102.2797,16.11,98,100,3.6,overcast clouds,2022-04-05 23:10:10
231,Murdochville,CA,48.9583,-65.5006,20.5,89,81,8.61,broken clouds,2022-04-05 23:10:11
232,Port Lincoln,AU,-34.7333,135.8667,63.23,72,7,18.07,clear sky,2022-04-05 23:00:35
233,Trapani,IT,37.8333,12.6667,56.23,86,96,5.01,overcast clouds,2022-04-05 23:09:50
234,Kabinda,CD,-6.1333,24.4833,71.51,77,98,1.3,overcast clouds,2022-04-05 23:10:11
235,Bathsheba,BB,13.2167,-59.5167,79.41,69,40,8.05,scattered clouds,2022-04-05 23:10:11
236,East London,ZA,-33.0153,27.9116,66.72,74,69,7.85,broken clouds,2022-04-05 23:07:25
237,Honiara,SB,-9.4333,159.95,78.4,94,100,7.72,overcast clouds,2022-04-05 23:07:03
238,Conway,US,35.0887,-92.4421,76.98,63,52,1.01,broken clouds,2022-04-05 23:10:12
239,Dunedin,NZ,-45.8742,170.5036,61.81,45,55,15.01,broken clouds,2022-04-05 23:08:52
240,Alice Town,BS,25.7167,-79.3,79.14,79,2,10.22,clear sky,2022-04-05 23:10:13
241,New Norfolk,AU,-42.7826,147.0587,55.92,63,37,1.01,scattered clouds,2022-04-05 23:10:13
242,Svit,SK,49.0601,20.2069,40.55,83,40,20.0,scattered clouds,2022-04-05 23:10:13
243,Filiatra,GR,37.15,21.5833,60.69,84,42,0.51,scattered clouds,2022-04-05 23:10:13
244,Petropavlovsk-Kamchatskiy,RU,53.0452,158.6483,45.19,36,0,13.42,clear sky,2022-04-05 23:10:14
245,Arraial Do Cabo,BR,-22.9661,-42.0278,76.77,90,9,13.82,clear sky,2022-04-05 23:10:14
246,Sibolga,ID,1.7427,98.7792,75.42,86,98,2.73,overcast clouds,2022-04-05 23:10:14
247,Grindavik,IS,63.8424,-22.4338,27.07,68,40,23.02,scattered clouds,2022-04-05 23:10:15
248,Taldan,RU,53.6667,124.8,19.26,44,16,14.52,few clouds,2022-04-05 23:10:15
249,Aasiaat,GL,68.7098,-52.8699,26.01,92,100,4.18,overcast clouds,2022-04-05 23:10:16
250,Chimbote,PE,-9.0853,-78.5783,71.29,77,48,9.22,scattered clouds,2022-04-05 23:10:16
251,Saint-Francois,FR,46.4154,3.9054,49.44,87,100,3.44,overcast clouds,2022-04-05 23:10:16
252,Mount Gambier,AU,-37.8333,140.7667,57.11,94,100,10.36,overcast clouds,2022-04-05 23:06:57
253,Mareeba,AU,-17.0,145.4333,79.52,80,92,0.87,overcast clouds,2022-04-05 23:10:16
254,Zyryanka,RU,65.75,150.85,-4.72,91,96,2.19,overcast clouds,2022-04-05 23:04:01
255,Boueni,YT,-12.9025,45.0761,78.78,75,4,1.23,clear sky,2022-04-05 23:03:08
256,Chuka,KE,-0.3332,37.6459,63.25,81,40,3.2,scattered clouds,2022-04-05 23:10:17
257,Aitape,PG,-3.1374,142.3475,79.52,81,100,3.2,overcast clouds,2022-04-05 23:10:17
258,Merauke,ID,-8.4667,140.3333,80.62,81,83,4.79,broken clouds,2022-04-05 23:04:49
259,Sao Luis Do Quitunde,BR,-9.3183,-35.5611,76.44,89,99,4.83,overcast clouds,2022-04-05 23:10:18
260,Floresta,BR,-8.6011,-38.5686,79.45,60,67,17.4,broken clouds,2022-04-05 23:10:18
261,Utica,US,43.1009,-75.2327,55.51,75,90,6.2,overcast clouds,2022-04-05 23:07:03
262,Grand Gaube,MU,-20.0064,57.6608,77.4,91,99,7.0,heavy intensity rain,2022-04-05 22:59:40
263,Venancio Aires,BR,-29.6064,-52.1919,69.84,91,58,4.05,broken clouds,2022-04-05 23:10:19
264,Poduri,RO,46.4667,26.5333,41.81,69,91,4.41,overcast clouds,2022-04-05 23:10:19
265,Nanortalik,GL,60.1432,-45.2371,31.73,89,64,3.22,broken clouds,2022-04-05 23:10:19
266,Otavi,NA,-19.65,17.3333,64.8,51,3,4.23,clear sky,2022-04-05 23:10:20
267,Kavieng,PG,-2.5744,150.7967,79.29,85,100,15.95,moderate rain,2022-04-05 23:10:20
268,Malinovoye Ozero,RU,51.6753,79.7825,48.06,78,85,5.73,overcast clouds,2022-04-05 23:10:20
269,Krasnomayskiy,RU,57.6194,34.4099,28.62,80,100,11.79,overcast clouds,2022-04-05 23:10:20
270,Qaqortoq,GL,60.7167,-46.0333,31.06,91,46,4.65,scattered clouds,2022-04-05 23:10:21
271,Jurado,CO,7.1053,-77.7641,79.29,87,99,2.15,overcast clouds,2022-04-05 23:10:21
272,Turukhansk,RU,65.8167,87.9833,33.46,87,100,19.04,light snow,2022-04-05 23:10:21
273,Santa Rosa Del Sur,CO,7.9644,-74.0544,73.11,90,100,0.74,overcast clouds,2022-04-05 23:10:22
274,Orangeburg,US,33.4918,-80.8557,68.29,90,100,15.99,heavy intensity rain,2022-04-05 23:10:22
275,Kalmunai,LK,7.4167,81.8167,77.52,84,78,3.58,broken clouds,2022-04-05 23:10:22
276,Sokoni,TZ,-6.4333,39.55,82.89,72,1,8.57,clear sky,2022-04-05 23:10:23
277,Batagay-Alyta,RU,67.8006,130.4114,-6.41,96,99,2.55,overcast clouds,2022-04-05 23:10:23
278,Roald,NO,62.5833,6.1333,36.75,93,0,13.8,snow,2022-04-05 23:10:23
279,Kismayo,SO,-0.3582,42.5454,80.33,80,30,11.97,scattered clouds,2022-04-05 23:10:24
280,Geraldton,AU,-28.7667,114.6,63.01,72,46,9.22,scattered clouds,2022-04-05 23:10:24
281,Selikhino,RU,50.3672,137.4996,28.22,80,100,20.6,light snow,2022-04-05 23:03:18
282,Shannon,IE,52.7039,-8.8642,48.2,93,75,16.11,broken clouds,2022-04-05 23:10:24
283,Semiluki,RU,51.6853,39.0279,39.65,87,100,8.95,overcast clouds,2022-04-05 23:10:25
284,Changde,CN,29.0464,111.6783,60.69,84,93,3.24,overcast clouds,2022-04-05 23:10:07
285,Talara,PE,-4.5772,-81.2719,79.56,65,0,18.41,clear sky,2022-04-05 23:10:25
286,Komsomolets,KZ,53.7453,62.0708,31.71,76,18,12.21,few clouds,2022-04-05 23:10:25
287,Auki,SB,-8.7676,160.7034,77.32,92,100,6.04,light rain,2022-04-05 23:10:25
288,Ziway,ET,7.9333,38.7167,70.34,37,3,11.14,clear sky,2022-04-05 23:10:26
289,Mnogovershinnyy,RU,53.9353,139.9242,23.76,86,86,11.18,overcast clouds,2022-04-05 23:10:26
290,Chicama,PE,-7.8447,-79.1469,66.74,69,17,8.41,few clouds,2022-04-05 23:10:26
291,Belyy Yar,RU,53.6039,91.3903,31.89,93,100,4.47,smoke,2022-04-05 23:04:32
292,Santiago Del Estero,AR,-27.7951,-64.2615,76.26,64,86,5.68,overcast clouds,2022-04-05 23:10:27
293,Coreau,BR,-3.5333,-40.6567,73.42,95,45,0.49,heavy intensity rain,2022-04-05 23:10:27
294,Sambava,MG,-14.2667,50.1667,75.24,94,100,4.88,overcast clouds,2022-04-05 23:07:56
295,Kamenka,RU,51.3223,42.7678,37.78,63,100,14.23,overcast clouds,2022-04-05 23:03:30
296,Scottsbluff,US,41.8666,-103.6672,47.52,22,0,29.93,clear sky,2022-04-05 23:10:27
297,Omboue,GA,-1.5746,9.2618,77.54,91,69,5.44,broken clouds,2022-04-05 23:10:28
298,Iqaluit,CA,63.7506,-68.5145,5.7,71,100,21.0,overcast clouds,2022-04-05 23:08:47
299,Villa San Giovanni,IT,38.2276,15.6386,58.37,73,82,11.01,broken clouds,2022-04-05 23:10:28
300,Nuuk,GL,64.1835,-51.7216,30.81,93,100,8.01,overcast clouds,2022-04-05 23:02:05
301,Aklavik,CA,68.2191,-135.0107,3.22,81,89,6.31,overcast clouds,2022-04-05 23:10:28
302,Ayan,RU,56.45,138.1667,25.63,95,100,39.84,snow,2022-04-05 23:10:29
303,Nagato,JP,34.3833,131.2,52.2,67,78,8.79,broken clouds,2022-04-05 23:10:29
304,Christchurch,NZ,-43.5333,172.6333,63.32,79,100,10.36,moderate rain,2022-04-05 23:06:06
305,Pauini,BR,-7.7136,-66.9764,75.4,95,85,1.88,overcast clouds,2022-04-05 23:10:29
306,Tukan,RU,53.8409,57.4552,22.82,96,98,3.87,overcast clouds,2022-04-05 23:10:30
307,Cockburn Town,TC,21.4612,-71.1419,78.33,76,0,17.22,clear sky,2022-04-05 23:10:30
308,Maniitsoq,GL,65.4167,-52.9,27.25,93,97,2.89,overcast clouds,2022-04-05 23:10:30
309,Ocos,GT,14.5094,-92.1933,87.98,64,8,9.66,clear sky,2022-04-05 23:10:31
310,Yar-Sale,RU,66.8333,70.8333,28.24,97,100,26.6,snow,2022-04-05 23:10:31
311,Vao,NC,-22.6667,167.4833,75.9,86,100,14.18,light rain,2022-04-05 23:08:44
312,Jalu,LY,29.0331,21.5482,84.76,9,91,4.9,overcast clouds,2022-04-05 23:10:31
313,Sovetskiy,RU,61.3614,63.5842,22.77,93,99,9.82,overcast clouds,2022-04-05 23:08:40
314,Matagami,CA,49.7502,-77.6328,34.9,86,98,1.79,overcast clouds,2022-04-05 23:10:32
315,Linkoping,SE,58.4109,15.6216,28.78,78,0,6.91,clear sky,2022-04-05 23:10:32
316,Kyren,RU,51.6828,102.1408,31.03,83,37,2.64,scattered clouds,2022-04-05 23:03:36
317,West Bay,KY,19.3667,-81.4167,84.07,77,1,5.01,clear sky,2022-04-05 23:10:32
318,Brigantine,US,39.4101,-74.3646,52.05,94,100,4.61,overcast clouds,2022-04-05 23:10:33
319,Norman Wells,CA,65.282,-126.8329,20.46,82,50,3.65,scattered clouds,2022-04-05 23:10:33
320,Pokhara,NP,28.2333,83.9833,70.16,34,14,6.89,few clouds,2022-04-05 23:10:33
321,Mufulira,ZM,-12.5498,28.2407,63.36,98,100,5.19,light rain,2022-04-05 23:10:33
322,Batemans Bay,AU,-35.7167,150.1833,64.09,78,98,6.15,overcast clouds,2022-04-05 23:10:34
323,Derzhavinsk,KZ,51.1,66.3167,31.03,89,65,6.64,broken clouds,2022-04-05 23:10:34
324,Port Keats,AU,-14.25,129.55,82.65,76,55,1.3,light rain,2022-04-05 23:10:34
325,Kalabo,ZM,-14.97,22.6814,70.11,82,90,3.8,overcast clouds,2022-04-05 23:10:35
326,Raga,SS,8.4596,25.678,81.27,47,46,5.03,scattered clouds,2022-04-05 23:10:35
327,Filingue,NE,14.3521,3.3168,90.21,14,98,7.54,overcast clouds,2022-04-05 23:04:00
328,Barentu,ER,15.1139,37.5928,80.38,31,0,4.59,clear sky,2022-04-05 23:10:35
329,Gualaquiza,EC,-3.4,-78.55,67.41,96,75,0.76,light rain,2022-04-05 23:10:36
330,Port Hardy,CA,50.6996,-127.4199,44.78,76,75,4.61,broken clouds,2022-04-05 23:10:36
331,Zambezi,ZM,-13.5432,23.1047,64.54,96,74,3.53,broken clouds,2022-04-05 23:10:36
332,Sorland,NO,67.667,12.6934,34.34,58,100,17.81,overcast clouds,2022-04-05 23:04:46
333,Boda,CF,4.3189,17.4695,70.56,90,86,3.56,light rain,2022-04-05 23:10:37
334,Dudinka,RU,69.4058,86.1778,18.12,75,96,17.09,overcast clouds,2022-04-05 23:03:27
335,Berezovka,BY,53.7214,25.4993,29.35,84,84,6.46,broken clouds,2022-04-05 23:10:37
336,Hargeysa,SO,9.56,44.065,69.28,35,0,6.04,clear sky,2022-04-05 23:10:37
337,Olafsvik,IS,64.8945,-23.7142,27.39,66,92,29.71,overcast clouds,2022-04-05 23:08:02
338,Mitsamiouli,KM,-11.3847,43.2844,81.16,76,6,5.82,clear sky,2022-04-05 23:10:38
339,Pimenteiras,BR,-6.2453,-41.4192,76.39,74,100,4.97,overcast clouds,2022-04-05 23:10:38
340,Port Hedland,AU,-20.3167,118.5667,80.65,65,59,8.05,broken clouds,2022-04-05 23:03:57
341,Butaritari,KI,3.0707,172.7902,81.28,81,65,17.56,light rain,2022-04-05 23:10:38
342,Mercedes,AR,-34.6515,-59.4307,63.79,35,0,8.21,clear sky,2022-04-05 23:10:39
343,Iralaya,HN,15.0,-83.2333,81.84,75,38,12.21,scattered clouds,2022-04-05 23:10:39
344,Teknaf,BD,20.8624,92.3058,74.46,92,20,3.29,few clouds,2022-04-05 23:04:07
345,Puerto Penasco,MX,31.3167,-113.5333,69.91,74,0,8.01,clear sky,2022-04-05 23:08:53
346,Sistranda,NO,63.7256,8.834,31.96,43,91,14.07,overcast clouds,2022-04-05 23:10:39
347,Seminole,US,28.7086,-81.2081,89.96,65,40,9.22,scattered clouds,2022-04-05 23:10:40
348,Llandrindod Wells,GB,52.2416,-3.3787,48.29,95,100,19.35,overcast clouds,2022-04-05 23:10:40
349,Alofi,NU,-19.0595,-169.9187,84.09,65,75,5.75,broken clouds,2022-04-05 23:10:40
350,Severo-Yeniseyskiy,RU,60.3725,93.0408,28.89,97,100,4.79,overcast clouds,2022-04-05 23:10:41
351,Tasiilaq,GL,65.6145,-37.6368,17.76,91,47,7.02,scattered clouds,2022-04-05 23:10:41
352,Namatanai,PG,-3.6667,152.4333,77.68,91,100,7.7,moderate rain,2022-04-05 23:10:41
353,Miraflores,MX,19.2167,-98.8083,82.87,13,0,10.31,clear sky,2022-04-05 23:10:42
354,Sayyan,YE,15.1718,44.3244,57.97,12,0,6.6,clear sky,2022-04-05 23:10:42
355,Jodar,ES,37.8406,-3.3526,44.98,92,100,3.94,overcast clouds,2022-04-05 23:10:42
356,Mocuba,MZ,-16.8392,36.9856,72.61,97,5,2.53,clear sky,2022-04-05 23:10:42
357,Praia,CV,14.9215,-23.5087,70.34,73,40,23.02,scattered clouds,2022-04-05 23:10:43
358,Tigil,RU,57.8,158.6667,28.56,89,100,3.89,overcast clouds,2022-04-05 23:03:23
359,Junction City,US,39.0286,-96.8314,60.82,45,100,20.71,overcast clouds,2022-04-05 23:10:43
360,Mattru,SL,7.6244,-11.8332,78.01,78,15,2.84,few clouds,2022-04-05 23:10:43
361,Flinders,AU,-34.5833,150.8552,65.17,92,100,5.99,light rain,2022-04-05 23:10:44
362,Morondava,MG,-20.2833,44.2833,74.82,72,0,7.78,clear sky,2022-04-05 23:10:44
363,Bonavista,CA,48.6499,-53.1147,31.51,93,100,24.18,overcast clouds,2022-04-05 23:03:57
364,Codrington,AU,-38.2667,141.9667,61.5,67,100,11.9,overcast clouds,2022-04-05 23:10:44
365,Asfi,MA,32.2994,-9.2372,59.05,69,12,13.8,few clouds,2022-04-05 23:10:45
366,Goya,AR,-29.14,-59.2626,71.37,79,54,5.39,broken clouds,2022-04-05 23:10:45
367,Bor,RU,56.3567,44.0669,35.53,79,100,13.82,overcast clouds,2022-04-05 23:10:45
368,Yining,CN,29.0361,114.5636,57.06,87,94,0.69,overcast clouds,2022-04-05 23:10:46
369,Kulhudhuffushi,MV,6.6221,73.07,82.44,70,17,1.03,few clouds,2022-04-05 23:10:46
370,Umm Kaddadah,SD,13.6017,26.6876,84.06,15,0,14.32,clear sky,2022-04-05 23:10:35
371,Senador Jose Porfirio,BR,-2.5908,-51.9542,74.59,96,99,2.59,overcast clouds,2022-04-05 23:10:46
372,Sola,VU,-13.8833,167.55,83.39,74,83,16.96,broken clouds,2022-04-05 23:03:13
373,Saldanha,ZA,-33.0117,17.9442,60.73,77,0,6.24,clear sky,2022-04-05 23:10:47
374,Atmakur,IN,15.8833,78.5833,77.16,51,20,4.27,few clouds,2022-04-05 23:10:47
375,La Maddalena,IT,41.2142,9.4083,46.56,80,14,11.34,few clouds,2022-04-05 23:10:47
376,Boa Viagem,BR,-5.1275,-39.7322,76.28,81,86,1.79,overcast clouds,2022-04-05 23:10:47
377,Waipawa,NZ,-41.4122,175.5153,64.8,75,99,17.94,heavy intensity rain,2022-04-05 23:10:48
378,Oksfjord,NO,70.2396,22.3479,30.27,89,100,19.3,light snow,2022-04-05 23:03:45
379,Junin,AR,-34.5838,-60.9433,64.33,32,0,9.15,clear sky,2022-04-05 23:10:48
380,Korem,ET,12.5058,39.5228,57.72,34,0,6.46,clear sky,2022-04-05 23:10:48
381,Souillac,MU,-20.5167,57.5167,79.18,89,75,8.05,broken clouds,2022-04-05 23:10:49
382,Ambilobe,MG,-13.2,49.05,73.69,96,99,1.74,overcast clouds,2022-04-05 23:10:49
383,Vila Velha,BR,-20.3297,-40.2925,82.35,85,0,9.22,clear sky,2022-04-05 23:10:49
384,Lorengau,PG,-2.0226,147.2712,81.54,83,100,12.37,moderate rain,2022-04-05 23:01:19
385,Umba,RU,66.6871,34.3429,29.64,96,100,19.91,snow,2022-04-05 23:10:50
386,Road Town,VG,18.4167,-64.6167,78.89,73,40,13.8,scattered clouds,2022-04-05 23:04:37
387,Ilulissat,GL,69.2167,-51.1,26.62,93,75,9.22,broken clouds,2022-04-05 23:07:12
388,Evanston,US,42.0411,-87.6901,52.57,77,100,10.36,overcast clouds,2022-04-05 23:10:50
389,Camopi,GF,3.1655,-52.3158,72.61,99,100,2.26,overcast clouds,2022-04-05 23:10:50
390,Medea,DZ,36.2642,2.7539,45.95,90,61,7.99,broken clouds,2022-04-05 23:10:33
391,Porto Santo,PT,33.072,-16.3415,57.58,67,40,18.41,scattered clouds,2022-04-05 23:10:51
392,Provideniya,RU,64.3833,-173.3,12.36,62,0,0.0,clear sky,2022-04-05 23:10:51
393,Chumikan,RU,54.7183,135.315,26.96,84,100,10.33,snow,2022-04-05 23:10:51
394,Saint George,US,37.1041,-113.5841,82.99,11,0,24.16,clear sky,2022-04-05 23:10:31
395,Pignon,HT,19.3333,-72.1167,76.68,62,16,7.2,few clouds,2022-04-05 23:10:52
396,Dzerzhinsk,RU,56.2389,43.4631,35.42,59,0,13.42,clear sky,2022-04-05 23:10:52
397,Kisangani,CD,0.5167,25.2,72.5,92,92,2.91,overcast clouds,2022-04-05 23:03:39
398,Nortelandia,BR,-14.4547,-56.8028,76.68,76,83,2.57,broken clouds,2022-04-05 23:10:52
399,Sobolevo,RU,54.4299,31.8996,28.26,88,100,11.39,overcast clouds,2022-04-05 23:10:53
400,Burdur,TR,37.7203,30.2908,47.1,49,0,5.75,clear sky,2022-04-05 23:10:53
401,Kralendijk,BQ,12.15,-68.2667,80.58,74,75,17.27,broken clouds,2022-04-05 23:10:53
402,Ola,RU,59.5833,151.2833,16.14,74,98,14.92,overcast clouds,2022-04-05 23:03:26
403,Villa Carlos Paz,AR,-31.4241,-64.4978,70.39,28,1,3.0,clear sky,2022-04-05 23:04:39
404,Kudahuvadhoo,MV,2.6708,72.8944,82.67,68,79,2.98,broken clouds,2022-04-05 23:10:54
405,Banes,CU,20.9625,-75.7186,79.2,78,2,13.42,clear sky,2022-04-05 23:06:09
406,Moron,AR,-34.6534,-58.6198,67.78,57,0,5.57,clear sky,2022-04-05 23:10:54
407,Kharp,RU,66.8014,65.8081,14.43,85,100,17.85,light snow,2022-04-05 23:09:33
408,Highland Park,US,42.1817,-87.8003,52.07,80,100,6.91,overcast clouds,2022-04-05 23:10:17
409,Tuatapere,NZ,-46.1333,167.6833,52.34,75,76,17.58,broken clouds,2022-04-05 23:10:54
410,Uarini,BR,-2.99,-65.1083,74.59,96,98,1.86,heavy intensity rain,2022-04-05 23:10:55
411,Iguape,BR,-24.7081,-47.5553,73.74,87,98,6.49,overcast clouds,2022-04-05 23:07:44
412,Faya,SA,18.3851,42.4509,61.32,13,0,5.93,clear sky,2022-04-05 23:04:30
413,Ambovombe,MG,-25.1667,46.0833,73.9,87,55,5.23,broken clouds,2022-04-05 23:10:55
414,Batticaloa,LK,7.7102,81.6924,77.45,84,63,4.99,broken clouds,2022-04-05 23:10:56
415,Sakakah,SA,29.9697,40.2064,71.53,17,92,7.05,overcast clouds,2022-04-05 23:10:50
416,Mazatlan,MX,23.2167,-106.4167,76.96,72,0,8.05,clear sky,2022-04-05 23:08:58
417,Neijiang,CN,29.5835,105.0622,59.61,80,100,0.94,overcast clouds,2022-04-05 23:10:56
418,Santander,ES,43.4647,-3.8044,45.46,87,0,1.99,clear sky,2022-04-05 23:10:56
419,Nan,TH,18.8333,100.6667,73.44,62,64,0.74,broken clouds,2022-04-05 23:10:57
420,Marawi,PH,7.9986,124.2928,68.04,97,100,0.67,moderate rain,2022-04-05 23:10:57
421,San Cristobal,VE,7.7669,-72.225,75.38,70,78,2.62,broken clouds,2022-04-05 23:10:57
422,Basoko,CD,1.2391,23.616,72.55,91,100,4.63,overcast clouds,2022-04-05 23:10:57
423,Martaban,MM,16.5314,97.6111,80.28,70,99,1.25,overcast clouds,2022-04-05 23:08:08
424,High Level,CA,58.5169,-117.136,38.64,76,20,4.5,few clouds,2022-04-05 23:10:58
425,Champerico,GT,14.3,-91.9167,91.94,63,25,9.89,scattered clouds,2022-04-05 23:10:58
426,Aleksandrov Gay,RU,50.147,48.5704,36.25,77,72,8.63,broken clouds,2022-04-05 23:10:58
427,Shache,CN,38.4167,77.2406,60.01,17,0,6.6,clear sky,2022-04-05 23:10:59
428,Burnie,AU,-41.0667,145.9167,55.24,71,100,11.86,overcast clouds,2022-04-05 23:10:59
429,Magole,TZ,-6.3667,37.3667,71.78,94,30,1.81,scattered clouds,2022-04-05 23:10:59
430,Urumqi,CN,43.801,87.6005,54.55,30,0,2.24,clear sky,2022-04-05 23:10:03
431,Yeniseysk,RU,58.4497,92.1703,31.68,98,100,4.85,overcast clouds,2022-04-05 23:11:00
432,Palmer,US,42.1584,-72.3287,56.21,41,40,9.22,scattered clouds,2022-04-05 23:11:00
433,Ekhabi,RU,53.5102,142.9671,30.47,71,100,15.86,overcast clouds,2022-04-05 23:11:00
434,Palasa,IN,18.7667,84.4167,75.02,95,42,8.03,scattered clouds,2022-04-05 23:11:01
435,Teahupoo,PF,-17.8333,-149.2667,84.16,80,45,23.58,light rain,2022-04-05 23:11:01
436,Quatre Cocos,MU,-20.2078,57.7625,78.91,86,85,9.84,light rain,2022-04-05 23:07:13
437,Naze,JP,28.3667,129.4833,60.12,61,33,2.04,scattered clouds,2022-04-05 23:11:01
438,Zabol,AF,32.25,67.25,59.52,18,0,4.5,clear sky,2022-04-05 23:11:02
439,Joshimath,IN,30.5667,79.5667,53.1,28,0,9.55,clear sky,2022-04-05 23:11:02
440,Biak,ID,-0.9131,122.8766,76.89,82,98,6.6,overcast clouds,2022-04-05 23:11:02
441,Abay,KZ,49.6311,72.8539,35.98,89,39,6.08,scattered clouds,2022-04-05 23:11:03
442,Las Mercedes,VE,9.1102,-66.3972,91.18,39,75,10.8,broken clouds,2022-04-05 23:11:03
443,Antofagasta,CL,-23.65,-70.4,72.21,49,69,7.02,broken clouds,2022-04-05 23:11:03
444,Santa Maria,BR,-29.6842,-53.8069,65.16,90,78,4.54,broken clouds,2022-04-05 23:11:04
445,Suntar,RU,62.1444,117.6319,1.65,98,96,1.36,overcast clouds,2022-04-05 23:03:58
446,Sisimiut,GL,66.9395,-53.6735,25.34,95,95,1.79,overcast clouds,2022-04-05 23:11:04
447,Amahai,ID,-3.3333,128.9167,78.82,79,100,1.72,overcast clouds,2022-04-05 23:11:04
448,Tarakan,ID,3.3,117.6333,76.5,94,100,2.3,light rain,2022-04-05 23:11:05
449,Hofn,IS,64.2539,-15.2082,33.82,47,20,24.16,few clouds,2022-04-05 23:11:05
450,Tottori,JP,35.5,134.2333,57.0,48,63,2.04,broken clouds,2022-04-05 23:11:05
451,Paamiut,GL,61.994,-49.6678,30.0,91,99,3.51,overcast clouds,2022-04-05 23:11:06
452,Aquidauana,BR,-20.4711,-55.7872,80.96,67,76,4.5,broken clouds,2022-04-05 23:11:06
453,Talaya,RU,61.3833,152.75,0.7,94,99,3.38,overcast clouds,2022-04-05 23:11:06
454,Hualmay,PE,-11.0964,-77.6139,70.56,81,59,11.16,broken clouds,2022-04-05 23:04:36
455,Coquimbo,CL,-29.9533,-71.3436,55.13,100,100,6.91,overcast clouds,2022-04-05 23:11:07
456,Port Blair,IN,11.6667,92.75,79.95,77,100,3.65,overcast clouds,2022-04-05 23:11:07
457,Santa Isabel Do Rio Negro,BR,-0.4139,-65.0192,75.13,97,99,1.48,overcast clouds,2022-04-05 23:11:07
458,Lincoln,US,40.8,-96.667,53.67,59,20,6.91,few clouds,2022-04-05 23:10:49
459,Lasa,IT,46.6166,10.7002,39.69,91,63,3.91,broken clouds,2022-04-05 23:03:05
460,Bulgan,MN,48.8125,103.5347,34.84,66,64,4.07,broken clouds,2022-04-05 23:11:08
461,Bosaso,SO,11.2842,49.1816,79.07,54,0,9.55,clear sky,2022-04-05 23:04:45
462,Brae,GB,60.3964,-1.353,37.74,74,100,12.71,overcast clouds,2022-04-05 23:11:08
463,Sobral,BR,-3.6861,-40.3497,75.06,93,20,1.57,few clouds,2022-04-05 23:11:08
464,North Las Vegas,US,36.1989,-115.1175,92.34,8,0,26.46,clear sky,2022-04-05 23:06:10
465,Tambacounda,SN,13.7539,-13.7586,90.21,18,0,11.3,clear sky,2022-04-05 23:11:09
466,Bonoua,CI,5.2741,-3.595,83.82,88,64,5.7,broken clouds,2022-04-05 23:11:09
467,Sao Joao Da Barra,BR,-21.6403,-41.0511,76.78,89,86,7.99,overcast clouds,2022-04-05 23:11:09
468,Ozimek,PL,50.6794,18.2137,46.36,89,100,13.65,overcast clouds,2022-04-05 23:11:10
469,Balaipungut,ID,1.05,101.2833,72.9,98,100,1.79,overcast clouds,2022-04-05 23:11:10
470,Tautira,PF,-17.7333,-149.15,81.93,80,41,22.82,light rain,2022-04-05 23:11:10
471,Redmond,US,47.674,-122.1215,56.28,59,92,3.0,overcast clouds,2022-04-05 23:07:54
472,Nome,US,64.5011,-165.4064,12.27,52,0,0.0,clear sky,2022-04-05 23:09:17
473,Vorukh,TJ,39.8494,70.5838,54.54,29,7,10.69,clear sky,2022-04-05 23:11:11
474,Bosobolo,CD,4.1833,19.9,69.8,97,99,3.62,moderate rain,2022-04-05 23:11:11
475,Basco,PH,20.4487,121.9702,74.71,72,100,21.09,overcast clouds,2022-04-05 23:03:54
476,Havoysund,NO,70.9963,24.6622,32.23,69,100,31.88,overcast clouds,2022-04-05 23:11:11
477,Alice Springs,AU,-23.7,133.8833,71.15,32,10,5.75,clear sky,2022-04-05 23:11:12
478,Neyshabur,IR,36.2133,58.7958,68.34,28,99,5.88,overcast clouds,2022-04-05 23:11:12
479,Bac Lieu,VN,9.285,105.7244,79.83,80,100,12.48,overcast clouds,2022-04-05 23:11:12
480,Gizo,SB,-8.103,156.8419,79.84,87,100,8.63,moderate rain,2022-04-05 23:11:13
481,Sakaiminato,JP,35.55,133.2333,55.06,52,84,9.26,broken clouds,2022-04-05 23:08:41
482,Suhbaatar,MN,50.2314,106.2078,32.68,52,100,2.62,overcast clouds,2022-04-05 23:11:13
483,Shahabad,IN,27.65,79.95,74.95,9,17,6.58,few clouds,2022-04-05 23:11:13
484,Muroto,JP,33.2833,134.15,59.95,58,100,2.89,overcast clouds,2022-04-05 22:59:33
485,Pestretsy,RU,55.7531,49.6545,26.74,94,23,7.61,few clouds,2022-04-05 23:11:14
486,Mount Isa,AU,-20.7333,139.5,74.97,20,2,6.91,clear sky,2022-04-05 23:11:14
487,Margate,GB,51.3813,1.3862,51.12,68,26,20.89,scattered clouds,2022-04-05 23:11:14
488,Mogadishu,SO,2.0371,45.3438,80.62,76,33,12.8,scattered clouds,2022-04-05 23:11:15
489,Marsh Harbour,BS,26.5412,-77.0636,77.45,78,59,13.58,broken clouds,2022-04-05 23:11:15
490,Puerto Escondido,MX,15.85,-97.0667,83.23,74,0,11.5,clear sky,2022-04-05 23:11:15
491,Sao Felix Do Xingu,BR,-6.6447,-51.995,74.12,91,100,1.88,overcast clouds,2022-04-05 23:11:16
492,Sao Lourenco Do Sul,BR,-31.3653,-51.9783,63.09,72,0,6.78,clear sky,2022-04-05 23:11:16
493,Buchanan,LR,5.8808,-10.0467,79.84,91,50,6.85,scattered clouds,2022-04-05 23:06:16
494,Zaozerne,UA,45.1582,33.2787,45.14,89,11,16.98,few clouds,2022-04-05 23:11:16
495,Mantua,IT,45.1667,10.7833,51.04,86,0,5.01,clear sky,2022-04-05 23:11:17
496,Cancun,MX,21.1743,-86.8466,84.13,70,40,18.41,scattered clouds,2022-04-05 23:06:26
497,Nemuro,JP,43.3236,145.575,39.74,87,27,19.73,scattered clouds,2022-04-05 23:11:17
498,Samana,DO,19.2056,-69.3369,80.56,78,6,7.47,clear sky,2022-04-05 23:11:17
499,Manta,EC,-0.95,-80.7333,82.18,78,20,11.5,few clouds,2022-04-05 23:11:18
500,Kampot,KH,10.6167,104.1833,77.05,80,73,3.38,broken clouds,2022-04-05 23:11:18
501,Suffolk,US,40.8668,-72.7996,50.92,74,100,5.01,overcast clouds,2022-04-05 23:10:38
502,Jackson,US,42.4165,-122.8345,58.75,41,0,3.0,clear sky,2022-04-05 23:11:18
503,Buritis,BR,-15.6178,-46.4233,76.03,52,11,3.44,few clouds,2022-04-05 23:11:19
504,Ust-Nera,RU,64.5667,143.2,-2.02,98,86,5.91,overcast clouds,2022-04-05 23:11:19
505,Marovoay,MG,-16.1,46.6333,74.52,92,1,0.98,clear sky,2022-04-05 23:07:21
506,Rabo De Peixe,PT,37.8,-25.5833,56.71,77,20,4.61,few clouds,2022-04-05 23:11:19
507,Alyangula,AU,-13.8483,136.4192,85.48,66,3,1.07,clear sky,2022-04-05 23:11:20
508,Korla,CN,41.7597,86.1469,57.07,28,2,4.59,clear sky,2022-04-05 23:03:52
509,Eldorado,BR,-23.7869,-54.2836,71.83,90,11,2.42,few clouds,2022-04-05 23:11:20
510,Luanda,AO,-8.8368,13.2343,76.19,86,55,10.13,broken clouds,2022-04-05 23:04:19
511,Orcopampa,PE,-15.2661,-72.3417,49.28,80,77,7.14,broken clouds,2022-04-05 23:11:20
512,Zaragoza,ES,41.6561,-0.8773,48.85,48,0,10.0,clear sky,2022-04-05 23:11:21
513,Yashan,CN,22.1975,109.9419,66.29,73,10,0.2,clear sky,2022-04-05 23:11:21
514,Linxia,CN,35.6003,103.2064,45.34,32,73,2.57,broken clouds,2022-04-05 23:11:21
515,Ereymentau,KZ,51.6199,73.1033,32.2,94,44,9.01,scattered clouds,2022-04-05 23:04:44
516,Phan Thiet,VN,10.9333,108.1,76.73,83,96,3.22,overcast clouds,2022-04-05 23:11:22
517,Belance,PH,16.1833,121.25,66.51,98,100,3.56,overcast clouds,2022-04-05 23:11:22
518,Rio Gallegos,AR,-51.6226,-69.2181,44.22,52,34,10.13,scattered clouds,2022-04-05 23:02:04
519,Latung,PH,5.5,120.8833,80.46,76,100,1.19,overcast clouds,2022-04-05 23:04:12
520,Ukiah,US,39.1502,-123.2078,72.84,38,0,9.22,clear sky,2022-04-05 23:10:03
521,Hovd,MN,48.0056,91.6419,41.04,31,7,3.76,clear sky,2022-04-05 23:11:23
522,Banda Aceh,ID,5.5577,95.3222,74.64,94,100,4.52,overcast clouds,2022-04-05 23:11:23
523,Sumbe,AO,-11.2061,13.8437,76.37,86,90,5.61,overcast clouds,2022-04-05 23:11:23
524,Maryborough,AU,-25.5333,152.7,79.21,59,1,8.84,clear sky,2022-04-05 23:11:16
525,Mehamn,NO,71.0357,27.8492,28.67,77,100,26.84,overcast clouds,2022-04-05 23:03:03
526,Kautokeino,NO,69.0125,23.0412,22.32,94,100,24.32,light snow,2022-04-05 23:11:24
527,Krapivinskiy,RU,54.9992,86.8133,35.91,91,85,5.66,overcast clouds,2022-04-05 23:11:24
528,Seymchan,RU,62.8833,152.4333,2.7,82,66,2.77,broken clouds,2022-04-05 23:11:24
529,Kruisfontein,ZA,-34.0033,24.7314,61.88,73,6,14.63,clear sky,2022-04-05 23:11:04
530,Plettenberg Bay,ZA,-34.0527,23.3716,59.86,84,43,7.72,scattered clouds,2022-04-05 23:11:25
531,Sur,OM,22.5667,59.5289,81.54,51,2,11.12,clear sky,2022-04-05 23:11:25
532,Bajil,YE,15.0584,43.2851,85.12,42,0,4.18,clear sky,2022-04-05 23:04:02
533,Rocha,UY,-34.4833,-54.3333,56.73,56,0,6.26,clear sky,2022-04-05 23:08:36
534,Sept-Iles,CA,50.2001,-66.3821,28.67,83,100,6.76,overcast clouds,2022-04-05 23:04:28
535,Gumdag,TM,39.2061,54.5906,57.47,59,22,4.05,few clouds,2022-04-05 23:11:26
536,Uhlove,UA,44.8215,33.6045,43.02,83,1,10.16,clear sky,2022-04-05 23:11:26
537,Santa Marta,CO,11.2408,-74.199,80.15,82,85,14.85,overcast clouds,2022-04-05 23:11:26
538,San Quintin,MX,30.4833,-115.95,65.89,68,1,7.7,clear sky,2022-04-05 23:11:26
539,Ipixuna,BR,-1.7625,-48.8043,74.26,99,99,3.29,overcast clouds,2022-04-05 23:11:27
540,Shimoda,JP,34.6667,138.95,58.1,61,100,9.73,overcast clouds,2022-04-05 23:11:27
541,Grafton,US,42.207,-71.6856,57.2,44,0,9.22,clear sky,2022-04-05 23:11:27
542,Goderich,CA,43.7501,-81.7165,40.91,91,86,8.21,overcast clouds,2022-04-05 23:11:28
543,Aras,ES,42.5617,-2.356,39.61,70,0,5.75,clear sky,2022-04-05 23:11:28
544,Hachinohe,JP,40.5,141.5,49.95,71,100,7.67,overcast clouds,2022-04-05 23:11:28
545,Da Lat,VN,11.9465,108.4419,59.34,96,96,4.03,overcast clouds,2022-04-05 23:11:28
546,Anadyr,RU,64.75,177.4833,-1.52,77,0,8.95,clear sky,2022-04-05 23:11:29
547,Rincon,US,32.296,-81.2354,71.56,88,75,12.66,very heavy rain,2022-04-05 23:11:29
548,Mezhdurechenskiy,RU,59.6,65.9333,27.23,89,94,13.02,overcast clouds,2022-04-05 23:11:29
549,Iroquois Falls,CA,48.7669,-80.6831,36.55,96,69,4.92,broken clouds,2022-04-05 23:11:30
550,Kazuno,JP,40.1836,140.7872,51.39,66,100,8.63,overcast clouds,2022-04-05 23:11:30
551,Sorong,ID,-0.8833,131.25,80.85,77,100,11.7,overcast clouds,2022-04-05 23:08:51
552,Mingshui,CN,36.7167,117.5,51.22,74,0,8.37,clear sky,2022-04-05 23:11:30
553,Guanica,PR,17.9716,-66.908,80.51,77,68,12.66,broken clouds,2022-04-05 23:11:31
554,Nanchang,CN,28.6833,115.8833,59.11,72,87,1.52,overcast clouds,2022-04-05 23:11:31
555,Yaan,NG,7.3833,8.5667,81.79,67,98,12.3,overcast clouds,2022-04-05 23:11:31
556,Novoagansk,RU,61.9449,76.6625,33.93,83,76,19.13,broken clouds,2022-04-05 23:11:31
557,Khudumelapye,BW,-23.8833,24.75,69.78,51,72,8.21,broken clouds,2022-04-05 23:11:32
558,Obo,CF,5.3998,26.4869,71.15,85,91,3.09,overcast clouds,2022-04-05 23:11:32
559,Yumen,CN,40.2833,97.2,51.51,16,1,8.59,clear sky,2022-04-05 23:11:32
560,Slave Lake,CA,55.2834,-114.769,41.25,69,100,9.22,overcast clouds,2022-04-05 23:07:04
561,East Wenatchee Bench,US,47.4257,-120.2812,55.17,30,0,23.02,clear sky,2022-04-05 23:11:33
562,Alexandria,EG,31.2156,29.9553,75.76,27,95,8.19,overcast clouds,2022-04-05 23:07:05
563,Lulea,SE,65.5842,22.1547,32.07,100,100,8.05,light snow,2022-04-05 23:11:33
564,Beterou,BJ,9.1992,2.2586,82.44,62,86,8.59,overcast clouds,2022-04-05 23:11:12
565,Lagoa,PT,39.05,-27.9833,59.54,86,61,16.8,broken clouds,2022-04-05 23:11:33
566,Ormara,PK,25.2088,64.6357,79.27,69,2,13.09,clear sky,2022-04-05 23:11:34
567,Klyuchi,RU,52.2667,79.1667,48.4,90,91,6.11,overcast clouds,2022-04-05 23:11:34
568,Usvyaty,RU,55.7456,30.7533,25.99,84,66,7.92,broken clouds,2022-04-05 23:11:34
569,Coihaique,CL,-45.5752,-72.0662,56.01,87,75,11.5,light intensity shower rain,2022-04-05 23:08:03
570,Skibbereen,IE,51.55,-9.2667,49.1,88,75,20.09,broken clouds,2022-04-05 23:11:35
571,Marzuq,YE,14.4,46.4667,67.42,32,0,5.06,clear sky,2022-04-05 23:11:35
572,Kaputa,ZM,-8.4689,29.6619,67.98,90,76,2.82,light rain,2022-04-05 23:11:35
573,Mitchell,US,43.7094,-98.0298,50.11,65,0,13.8,clear sky,2022-04-05 23:11:36
574,San Policarpo,PH,12.1791,125.5072,80.89,83,100,15.55,overcast clouds,2022-04-05 23:11:36
575,Hambantota,LK,6.1241,81.1185,77.11,83,58,3.31,broken clouds,2022-04-05 23:11:36
576,Agirish,RU,61.9247,63.0231,20.48,92,100,10.0,overcast clouds,2022-04-05 23:11:36
